,LOCALIDADE,COLETA,DATA,MÊS ,ANO,ÁREA,PONTO,HORÁRIO ,TEMPERATURA,UMIDADE,TEMPO,ÁRVORE,FASE DA PLANTA,ORDEM,ESPÉCIE,SUBFAMÍLIA,GÊNERO,ESPÉCIE.1
0,Fazenda Futuro,1.0,18.0,Dezembro,2019.0,A1,P1,11:30,24.0,94.0,Nublado ,Laranja,Frutos,Coleoptera,,,,
1,Fazenda Futuro,1.0,18.0,Dezembro,2019.0,A1,P1,11:30,24.0,94.0,Nublado ,Laranja,Frutos,Coleoptera,Coccinellidae,Microweiseinae,,
2,Fazenda Futuro,1.0,18.0,Dezembro,2019.0,A1,P1,11:30,24.0,94.0,Nublado ,Laranja,Frutos,Coleoptera,Scolytidae,,,
3,Fazenda Futuro,1.0,18.0,Dezembro,2019.0,A1,P1,11:30,24.0,94.0,Nublado ,Laranja,Frutos,Hemiptera,,Percevejo Marrom,,
4,Fazenda Futuro,1.0,18.0,Dezembro,2019.0,A1,P2,11:37,24.0,94.0,Nublado ,Laranja,Frutos,Coleoptera,,,,
5,Fazenda Futuro,1.0,18.0,Dezembro,2019.0,A1,P2,11:37,24.0,94.0,Nublado ,Laranja,Frutos,Coleoptera,Curculionidae,,,
6,Fazenda Futuro,1.0,18.0,Dezembro,2019.0,A1,P3,11:43,24.0,94.0,Nublado ,Limão,Frutos,Coleoptera,Coccinellidae,Microweiseinae,,
7,Fazenda Futuro,1.0,18.0,Dezembro,2019.0,A1,P3,11:43,24.0,94.0,Nublado ,Limão,Frutos,Restos Mortais*,,,,
8,Fazenda Futuro,1.0,18.0,Dezembro,2019.0,A1,P3,11:43,24.0,94.0,Nublado ,Limão,Frutos,Restos Mortais*,,,,
9,Fazenda Futuro,1.0,18.0,Dezembro,2019.0,A1,P4,11:51,24.0,94.0,Nublado ,Limão,Frutos,Coleoptera,Coccinellidae,Coccinellinae,,
10,Fazenda Futuro,1.0,18.0,Dezembro,2019.0,A1,P4,11:51,24.0,94.0,Nublado ,Limão,Frutos,Coleoptera,Dasytidae,,,
11,Fazenda Futuro,1.0,18.0,Dezembro,2019.0,A1,P4,11:51,24.0,94.0,Nublado ,Limão,Frutos,Hyminoptera,,Formiga,,
12,Fazenda Futuro,1.0,18.0,Dezembro,2019.0,A1,P4,11:51,24.0,94.0,Nublado ,Limão,Frutos,Hyminoptera,,Formiga,,
13,Fazenda Futuro,1.0,18.0,Dezembro,2019.0,A1,P4,11:51,24.0,94.0,Nublado ,Limão,Frutos,Hyminoptera,,Formiga,,
14,Fazenda Futuro,1.0,18.0,Dezembro,2019.0,A1,P4,11:51,24.0,94.0,Nublado ,Limão,Frutos,Hyminoptera,,Formiga,,
15,Fazenda Futuro,1.0,18.0,Dezembro,2019.0,A1,P4,11:51,24.0,94.0,Nublado ,Limão,Frutos,Hyminoptera,,Formiga,,
16,Fazenda Futuro,1.0,18.0,Dezembro,2019.0,A1,P4,11:51,24.0,94.0,Nublado ,Limão,Frutos,Hemiptera,,,,
17,Fazenda Futuro,1.0,18.0,Dezembro,2019.0,A1,P4,11:51,24.0,94.0,Nublado ,Limão,Frutos,Coleoptera,,,,
18,Fazenda Futuro,1.0,18.0,Dezembro,2019.0,A1,P4,11:51,24.0,94.0,Nublado ,Limão,Frutos,Coleoptera,Coccinellidae,Coccinellinae,,
19,Fazenda Futuro,1.0,18.0,Dezembro,2019.0,A1,P5,12:00,24.0,94.0,Nublado ,Laranja,Frutos,Restos Mortais*,,,,
20,Fazenda Futuro,1.0,18.0,Dezembro,2019.0,A1,P5,12:00,24.0,94.0,Nublado ,Laranja,Frutos,Restos Mortais*,,,,
21,Fazenda Futuro,1.0,18.0,Dezembro,2019.0,A1,P5,12:00,24.0,94.0,Nublado ,Laranja,Frutos,Restos Mortais*,,,,
22,Fazenda Futuro,1.0,18.0,Dezembro,2019.0,A1,P5,12:00,24.0,94.0,Nublado ,Laranja,Frutos,Restos Mortais*,,,,
23,Fazenda Futuro,1.0,18.0,Dezembro,2019.0,A1,P5,12:00,24.0,94.0,Nublado ,Laranja,Frutos,Restos Mortais*,,,,
24,Fazenda Futuro,1.0,18.0,Dezembro,2019.0,A1,P5,12:00,24.0,94.0,Nublado ,Laranja,Frutos,Coleoptera,,,,
25,Fazenda Futuro,1.0,18.0,Dezembro,2019.0,A1,P5,12:00,24.0,94.0,Nublado ,Laranja,Frutos,Coleoptera,,,,
26,Fazenda Futuro,1.0,18.0,Dezembro,2019.0,A1,P5,12:00,24.0,94.0,Nublado ,Laranja,Frutos,Coleoptera,Coccinellidae,Microweiseinae,,
27,Fazenda Futuro,1.0,18.0,Dezembro,2019.0,A2,P1,12:26,24.0,94.0,Nublado ,Açaí,Frutos,Coleoptera,Coccinellidae,Microweiseinae,,
28,Fazenda Futuro,1.0,18.0,Dezembro,2019.0,A2,P1,12:26,24.0,94.0,Nublado ,Açaí,Frutos,Coleoptera,Chrysomelidae,,,
29,Fazenda Futuro,1.0,18.0,Dezembro,2019.0,A2,P2,12:30,24.0,94.0,Nublado ,Caju,,Sem Amostra,,,,
30,Fazenda Futuro,1.0,18.0,Dezembro,2019.0,A2,P3,12:34,24.0,94.0,Nublado ,Açaí,,Sem Amostra,,,,
31,Fazenda Futuro,1.0,18.0,Dezembro,2019.0,A2,P4,12:36,24.0,94.0,Nublado ,Cupuaçu,,Sem Amostra,,,,
32,Fazenda Futuro,1.0,18.0,Dezembro,2019.0,A2,P5,12:42,24.0,94.0,Nublado ,Açaí,,Sem Amostra,,,,
33,Fazenda Futuro,1.0,18.0,Dezembro,2019.0,A3,P1,13:00,29.0,79.0,Nublado ,Banana,Frutos,Hemiptera,Scutelleridae,,,
34,Fazenda Futuro,1.0,18.0,Dezembro,2019.0,A3,P2,13:06,29.0,79.0,Nublado ,Manga,,Coleoptera,Lycidae,,,
35,Fazenda Futuro,1.0,18.0,Dezembro,2019.0,A3,P3,13:11,29.0,79.0,Nublado ,Cacau,Flores,Hyminoptera,,Formiga,,
36,Fazenda Futuro,1.0,18.0,Dezembro,2019.0,A3,P4,13:15,29.0,79.0,Nublado ,Banana,Frutos,Coleoptera,Cleridae,,,
37,Fazenda Futuro,1.0,18.0,Dezembro,2019.0,A3,P5,13:22,29.0,79.0,Nublado ,Manga,Frutos,Coleoptera,Coccinellidae,Microweiseinae,,
38,Fazenda Futuro,1.0,18.0,Dezembro,2019.0,A4,P1,13:28,29.0,79.0,Nublado ,Açaí,,Restos Mortais*,,,,
39,Fazenda Futuro,1.0,18.0,Dezembro,2019.0,A4,P1,13:28,29.0,79.0,Nublado ,Açaí,,Restos Mortais*,,,,
40,Fazenda Futuro,1.0,18.0,Dezembro,2019.0,A4,P1,13:28,29.0,79.0,Nublado ,Açaí,,Restos Mortais*,,,,
41,Fazenda Futuro,1.0,18.0,Dezembro,2019.0,A4,P2,13:33,29.0,79.0,Nublado ,Açaí,,Sem Amostra,,,,
42,Fazenda Futuro,1.0,18.0,Dezembro,2019.0,A4,P3,13:38,29.0,79.0,Nublado ,Açaí,,Sem Amostra,,,,
43,Fazenda Futuro,1.0,18.0,Dezembro,2019.0,A4,P4,13:42,29.0,79.0,Nublado ,Açaí,,Sem Amostra,,,,
44,Fazenda Futuro,1.0,18.0,Dezembro,2019.0,A4,P5,13:45,29.0,79.0,Nublado ,Açaí,,Sem Amostra,,,,
45,Fazenda Futuro,2.0,19.0,Dezembro,2019.0,A1,P1,10:23,25.0,94.0,Sol,Laranja,Frutos,Coleoptera,Coccinellidae,Microweiseinae,,
46,Fazenda Futuro,2.0,19.0,Dezembro,2019.0,A1,P1,10:23,25.0,94.0,Sol,Laranja,Frutos,Coleoptera,Coccinellidae,Microweiseinae,,
47,Fazenda Futuro,2.0,19.0,Dezembro,2019.0,A1,P1,10:23,25.0,94.0,Sol,Laranja,Frutos,Coleoptera,Coccinellidae,Microweiseinae,,
48,Fazenda Futuro,2.0,19.0,Dezembro,2019.0,A1,P1,10:23,25.0,94.0,Sol,Laranja,Frutos,Coleoptera,Coccinellidae,Microweiseinae,,
49,Fazenda Futuro,2.0,19.0,Dezembro,2019.0,A1,P1,10:23,25.0,94.0,Sol,Laranja,Frutos,Coleoptera,Coccinellidae,Microweiseinae,,
50,Fazenda Futuro,2.0,19.0,Dezembro,2019.0,A1,P1,10:23,25.0,94.0,Sol,Laranja,Frutos,Coleoptera,Coccinellidae,Microweiseinae,,
51,Fazenda Futuro,2.0,19.0,Dezembro,2019.0,A1,P1,10:23,25.0,94.0,Sol,Laranja,Frutos,Ácaro,,Ácaro,,
52,Fazenda Futuro,2.0,19.0,Dezembro,2019.0,A1,P1,10:23,25.0,94.0,Sol,Laranja,Frutos,Ácaro,,Ácaro,,
53,Fazenda Futuro,2.0,19.0,Dezembro,2019.0,A1,P1,10:23,25.0,94.0,Sol,Laranja,Frutos,Ácaro,,Ácaro,,
54,Fazenda Futuro,2.0,19.0,Dezembro,2019.0,A1,P1,10:23,25.0,94.0,Sol,Laranja,Frutos,Ácaro,,Ácaro,,
55,Fazenda Futuro,2.0,19.0,Dezembro,2019.0,A1,P1,10:23,25.0,94.0,Sol,Laranja,Frutos,Ácaro,,Ácaro,,
56,Fazenda Futuro,2.0,19.0,Dezembro,2019.0,A1,P1,10:23,25.0,94.0,Sol,Laranja,Frutos,Ácaro,,Ácaro,,
57,Fazenda Futuro,2.0,19.0,Dezembro,2019.0,A1,P1,10:23,25.0,94.0,Sol,Laranja,Frutos,Ácaro,,Ácaro,,
58,Fazenda Futuro,2.0,19.0,Dezembro,2019.0,A1,P2,10:33,25.0,94.0,Chuvoso,Laranja,Frutos,Coleoptera,Cleridae,,,
59,Fazenda Futuro,2.0,19.0,Dezembro,2019.0,A1,P2,10:33,25.0,94.0,Chuvoso,Laranja,Frutos,Blatodea,,Barata,,
60,Fazenda Futuro,2.0,19.0,Dezembro,2019.0,A1,P3,10:41,25.0,94.0,Chuvoso,Limão,Frutos,Ácaro**,,Ácaro**,,
61,Fazenda Futuro,2.0,19.0,Dezembro,2019.0,A1,P3,10:41,25.0,94.0,Chuvoso,Limão,Frutos,Blatodea,,Barata,,
62,Fazenda Futuro,2.0,19.0,Dezembro,2019.0,A1,P3,10:41,25.0,94.0,Chuvoso,Limão,Frutos,Coleoptera,Curculionidae,,,
63,Fazenda Futuro,2.0,19.0,Dezembro,2019.0,A1,P3,10:41,25.0,94.0,Chuvoso,Limão,Frutos,Coleoptera,Cleridae,,,
64,Fazenda Futuro,2.0,19.0,Dezembro,2019.0,A1,P3,10:41,25.0,94.0,Chuvoso,Limão,Frutos,Coleoptera,Alleculidae ,,,
65,Fazenda Futuro,2.0,19.0,Dezembro,2019.0,A1,P3,10:41,25.0,94.0,Chuvoso,Limão,Frutos,Coleoptera,Alleculidae ,,,
66,Fazenda Futuro,2.0,19.0,Dezembro,2019.0,A1,P4,10:48,25.0,94.0,Chuvoso,Limão,Frutos,Coleoptera,Coccinellidae,Microweiseinae,,
67,Fazenda Futuro,2.0,19.0,Dezembro,2019.0,A1,P4,10:48,25.0,94.0,Chuvoso,Limão,Frutos,Ácaro,,Ácaro,,
68,Fazenda Futuro,2.0,19.0,Dezembro,2019.0,A1,P4,10:48,25.0,94.0,Chuvoso,Limão,Frutos,Ácaro,,Ácaro,,
69,Fazenda Futuro,2.0,19.0,Dezembro,2019.0,A1,P4,10:48,25.0,94.0,Chuvoso,Limão,Frutos,Ácaro,,Ácaro,,
70,Fazenda Futuro,2.0,19.0,Dezembro,2019.0,A1,P5,10:52,25.0,94.0,Chuvoso,Laranja,Frutos,Coleoptera,Chrysomelidae,Eumolpinae,,
71,Fazenda Futuro,2.0,19.0,Dezembro,2019.0,A1,P5,10:52,25.0,94.0,Chuvoso,Laranja,Frutos,Coleoptera,Chrysomelidae,Eumolpinae,,
72,Fazenda Futuro,2.0,19.0,Dezembro,2019.0,A1,P5,10:52,25.0,94.0,Chuvoso,Laranja,Frutos,Coleoptera,Chrysomelidae,Eumolpinae,,
73,Fazenda Futuro,2.0,19.0,Dezembro,2019.0,A2,P1,11:09,27.0,86.0,Sol,Açaí,Frutos,Sem Amostra,,,,
74,Fazenda Futuro,2.0,19.0,Dezembro,2019.0,A2,P2,11:12,27.0,86.0,Sol,Cupuaçu,,Coleoptera,Cleridae,,,
75,Fazenda Futuro,2.0,19.0,Dezembro,2019.0,A2,P3,11:18,27.0,86.0,Sol,Açaí,,Sem Amostra,,,,
76,Fazenda Futuro,2.0,19.0,Dezembro,2019.0,A2,P4,11:23,27.0,86.0,Sol,Caju,,Sem Amostra,,,,
77,Fazenda Futuro,2.0,19.0,Dezembro,2019.0,A2,P5,11:30,27.0,86.0,Sol,Açaí,,Sem Amostra,,,,
78,Fazenda Futuro,2.0,19.0,Dezembro,2019.0,A3,P1,11:37,26.0,90.0,Sol,Banana,,Hemiptera,Scutelleridae,,,
79,Fazenda Futuro,2.0,19.0,Dezembro,2019.0,A3,P2,11:41,26.0,90.0,Sol,Manga,,Sem Amostra,,,,
80,Fazenda Futuro,2.0,19.0,Dezembro,2019.0,A3,P3,11:45,26.0,90.0,Sol,Cacau,,Sem Amostra,,,,
81,Fazenda Futuro,2.0,19.0,Dezembro,2019.0,A3,P4,11:55,26.0,90.0,Nublado,Banana,Frutos,Coleoptera,Cleridae,,,
82,Fazenda Futuro,2.0,19.0,Dezembro,2019.0,A3,P5,12:00,26.0,90.0,Sol,Manga,Frutos,Sem Amostra,,,,
83,Fazenda Futuro,2.0,19.0,Dezembro,2019.0,A4,P1,12:05,25.0,94.0,Sol,Açaí,,Sem Amostra,,,,
84,Fazenda Futuro,2.0,19.0,Dezembro,2019.0,A4,P2,12:08,25.0,94.0,Sol,Açaí,,Sem Amostra,,,,
85,Fazenda Futuro,2.0,19.0,Dezembro,2019.0,A4,P3,12:14,25.0,94.0,Nublado,Açaí,,Sem Amostra,,,,
86,Fazenda Futuro,2.0,19.0,Dezembro,2019.0,A4,P4,12:20,25.0,94.0,Vento,Açaí,,Coleoptera,Coccinellidae,Microweiseinae,,
87,Fazenda Futuro,2.0,19.0,Dezembro,2019.0,A4,P5,12:25,25.0,94.0,Vento,Açaí,,Sem Amostra,,,,
88,Fazenda Futuro,3.0,20.0,Dezembro,2019.0,A1,P1,10:21,26.0,94.0,Sol,Laranja,Frutos,Sem Amostra,,,,
89,Fazenda Futuro,3.0,20.0,Dezembro,2019.0,A1,P2,10:33,26.0,94.0,Sol,Limão,Flores e Frutos,Coleoptera,Scolytidae,,,
90,Fazenda Futuro,3.0,20.0,Dezembro,2019.0,A1,P3,10:42,26.0,94.0,Nublado,Limão,Flores e Frutos,Sem Amostra,,,,
91,Fazenda Futuro,3.0,20.0,Dezembro,2019.0,A1,P4,10:33,26.0,94.0,Sol,Laranja,Frutos,Coleoptera,Coccinellidae,Microweiseinae,,
92,Fazenda Futuro,3.0,20.0,Dezembro,2019.0,A1,P4,10:50,26.0,94.0,Sol,Laranja,Frutos,Coleoptera,Coccinellidae,Microweiseinae,,
93,Fazenda Futuro,3.0,20.0,Dezembro,2019.0,A1,P4,10:50,26.0,94.0,Sol,Laranja,Frutos,Coleoptera,Coccinellidae,Microweiseinae,,
94,Fazenda Futuro,3.0,20.0,Dezembro,2019.0,A1,P4,10:50,26.0,94.0,Sol,Laranja,Frutos,Coleoptera,Coccinellidae,Microweiseinae,,
95,Fazenda Futuro,3.0,20.0,Dezembro,2019.0,A1,P4,10:50,26.0,94.0,Sol,Laranja,Frutos,Coleoptera,Dasytidae,,,
96,Fazenda Futuro,3.0,20.0,Dezembro,2019.0,A1,P5,11:01,26.0,94.0,Sol,Laranja,Frutos,Sem Amostra,,,,
97,Fazenda Futuro,3.0,20.0,Dezembro,2019.0,A2,P1,11:07,24.0,94.0,Sol,Açaí,Frutos,Sem Amostra,,,,
98,Fazenda Futuro,3.0,20.0,Dezembro,2019.0,A2,P2,11:12,20.0,94.0,Sol,Cupuaçu,,Coleoptera,Cleridae,,,
99,Fazenda Futuro,3.0,20.0,Dezembro,2019.0,A2,P3,11:16,26.0,94.0,Sol,Açaí,,Sem Amostra,,,,
100,Fazenda Futuro,3.0,20.0,Dezembro,2019.0,A2,P4,11:22,26.0,94.0,Sol,Caju,,Coleoptera,Coccinellidae,Coccinellinae,,
101,Fazenda Futuro,3.0,20.0,Dezembro,2019.0,A2,P5,11:28,26.0,94.0,Sol,Açaí,,Sem Amostra,,,,
102,Fazenda Futuro,3.0,20.0,Dezembro,2019.0,A3,P1,11:30,28.0,84.0,Vento,Banana,Frutos,Ácaro,,Ácaro,,
103,Fazenda Futuro,3.0,20.0,Dezembro,2019.0,A3,P1,11:30,28.0,84.0,Vento,Banana,Frutos,Ácaro,,Ácaro,,
104,Fazenda Futuro,3.0,20.0,Dezembro,2019.0,A3,P1,11:30,28.0,84.0,Vento,Banana,Frutos,Ácaro,,Ácaro,,
105,Fazenda Futuro,3.0,20.0,Dezembro,2019.0,A3,P1,11:30,28.0,84.0,Vento,Banana,Frutos,Ácaro,,Ácaro,,
106,Fazenda Futuro,3.0,20.0,Dezembro,2019.0,A3,P1,11:30,28.0,84.0,Vento,Banana,Frutos,Ácaro,,Ácaro,,
107,Fazenda Futuro,3.0,20.0,Dezembro,2019.0,A3,P1,11:30,28.0,84.0,Vento,Banana,Frutos,Ácaro,,Ácaro,,
108,Fazenda Futuro,3.0,20.0,Dezembro,2019.0,A3,P1,11:30,28.0,84.0,Vento,Banana,Frutos,Ácaro,,Ácaro,,
109,Fazenda Futuro,3.0,20.0,Dezembro,2019.0,A3,P1,11:30,28.0,84.0,Vento,Banana,Frutos,Ácaro,,Ácaro,,
110,Fazenda Futuro,3.0,20.0,Dezembro,2019.0,A3,P1,11:30,28.0,84.0,Vento,Banana,Frutos,Ácaro,,Ácaro,,
111,Fazenda Futuro,3.0,20.0,Dezembro,2019.0,A3,P1,11:30,28.0,84.0,Vento,Banana,Frutos,Ácaro,,Ácaro,,
112,Fazenda Futuro,3.0,20.0,Dezembro,2019.0,A3,P1,11:30,28.0,84.0,Vento,Banana,Frutos,Ácaro,,Ácaro,,
113,Fazenda Futuro,3.0,20.0,Dezembro,2019.0,A3,P1,11:30,28.0,84.0,Vento,Banana,Frutos,Ácaro,,Ácaro,,
114,Fazenda Futuro,3.0,20.0,Dezembro,2019.0,A3,P1,11:30,28.0,84.0,Vento,Banana,Frutos,Ácaro,,Ácaro,,
115,Fazenda Futuro,3.0,20.0,Dezembro,2019.0,A3,P1,11:30,28.0,84.0,Vento,Banana,Frutos,Ácaro,,Ácaro,,
116,Fazenda Futuro,3.0,20.0,Dezembro,2019.0,A3,P1,11:30,28.0,84.0,Vento,Banana,Frutos,Ácaro,,Ácaro,,
117,Fazenda Futuro,3.0,20.0,Dezembro,2019.0,A3,P1,11:30,28.0,84.0,Vento,Banana,Frutos,Ácaro,,Ácaro,,
118,Fazenda Futuro,3.0,20.0,Dezembro,2019.0,A3,P1,11:30,28.0,84.0,Vento,Banana,Frutos,Ácaro,,Ácaro,,
119,Fazenda Futuro,3.0,20.0,Dezembro,2019.0,A3,P1,11:30,28.0,84.0,Vento,Banana,Frutos,Ácaro,,Ácaro,,
120,Fazenda Futuro,3.0,20.0,Dezembro,2019.0,A3,P1,11:30,28.0,84.0,Vento,Banana,Frutos,Ácaro,,Ácaro,,
121,Fazenda Futuro,3.0,20.0,Dezembro,2019.0,A3,P1,11:30,28.0,84.0,Vento,Banana,Frutos,Ácaro,,Ácaro,,
122,Fazenda Futuro,3.0,20.0,Dezembro,2019.0,A3,P1,11:30,28.0,84.0,Vento,Banana,Frutos,Ácaro,,Ácaro,,
123,Fazenda Futuro,3.0,20.0,Dezembro,2019.0,A3,P1,11:30,28.0,84.0,Vento,Banana,Frutos,Ácaro,,Ácaro,,
124,Fazenda Futuro,3.0,20.0,Dezembro,2019.0,A3,P1,11:30,28.0,84.0,Vento,Banana,Frutos,Ácaro,,Ácaro,,
125,Fazenda Futuro,3.0,20.0,Dezembro,2019.0,A3,P1,11:30,28.0,84.0,Vento,Banana,Frutos,Ácaro,,Ácaro,,
126,Fazenda Futuro,3.0,20.0,Dezembro,2019.0,A3,P1,11:30,28.0,84.0,Vento,Banana,Frutos,Coleoptera,,,,
127,Fazenda Futuro,3.0,20.0,Dezembro,2019.0,A3,P1,11:30,28.0,84.0,Vento,Banana,Frutos,Coleoptera,,,,
128,Fazenda Futuro,3.0,20.0,Dezembro,2019.0,A3,P2,11:33,28.0,84.0,Sol,Manga,,Sem Amostra,,,,
129,Fazenda Futuro,3.0,20.0,Dezembro,2019.0,A3,P3,11:36,28.0,84.0,Sol,Cacau,Flores,Sem Amostra,,,,
130,Fazenda Futuro,3.0,20.0,Dezembro,2019.0,A3,P4,11:40,28.0,84.0,Vento,Banana,Frutos,Sem Amostra,,,,
131,Fazenda Futuro,3.0,20.0,Dezembro,2019.0,A3,P5,11:42,28.0,84.0,Sol,Manga,Frutos,Sem Amostra,,,,
132,Fazenda Futuro,3.0,20.0,Dezembro,2019.0,A4,P1,11:45,28.0,38.0,Vento,Açaí,,Sem Amostra,,,,
133,Fazenda Futuro,3.0,20.0,Dezembro,2019.0,A4,P2,11:50,28.0,38.0,Vento,Açaí,,Sem Amostra,,,,
134,Fazenda Futuro,3.0,20.0,Dezembro,2019.0,A4,P3,11:54,28.0,84.0,Nublado,Açaí,,Sem Amostra,,,,
135,Fazenda Futuro,3.0,20.0,Dezembro,2019.0,A4,P4,11:58,28.0,84.0,Vento,Açaí,,Sem Amostra,,,,
136,Fazenda Futuro,3.0,20.0,Dezembro,2019.0,A4,P5,12:02,28.0,84.0,Sol,Açaí,,Sem Amostra,,,,
137,Fazenda Futuro,4.0,15.0,Janeiro,2020.0,A1,P1,10:25,26.0,90.0,Sol,Laranja,Frutos,Coleoptera,Chrysomelidae,,,
138,Fazenda Futuro,4.0,15.0,Janeiro,2020.0,A1,P2,10:31,26.0,90.0,Sol,Laranja,Frutos,Coleoptera,,,,
139,Fazenda Futuro,4.0,15.0,Janeiro,2020.0,A1,P2,10:31,26.0,90.0,Sol,Laranja,Frutos,Coleoptera,Coccinellidae,Microweiseinae,,
140,Fazenda Futuro,4.0,15.0,Janeiro,2020.0,A1,P2,10:31,26.0,90.0,Sol,Laranja,Frutos,Coleoptera,Coccinellidae,Microweiseinae,,
141,Fazenda Futuro,4.0,15.0,Janeiro,2020.0,A1,P3,10:40,26.0,90.0,Sol,Limão,Frutos,Coleoptera,Chrysomelidae,,,
142,Fazenda Futuro,4.0,15.0,Janeiro,2020.0,A1,P3,10:40,26.0,90.0,Sol,Limão,Frutos,Coleoptera,Coccinellidae,Coccinellinae,,
143,Fazenda Futuro,4.0,15.0,Janeiro,2020.0,A1,P3,10:40,26.0,90.0,Sol,Limão,Frutos,Coleoptera,Coccinellidae,Microweiseinae,,
144,Fazenda Futuro,4.0,15.0,Janeiro,2020.0,A1,P3,10:40,26.0,90.0,Sol,Limão,Frutos,Coleoptera,Coccinellidae,Coccinellinae,,
145,Fazenda Futuro,4.0,15.0,Janeiro,2020.0,A1,P3,10:40,26.0,90.0,Sol,Limão,Frutos,Coleoptera,Chrysomelidae,,,
146,Fazenda Futuro,4.0,15.0,Janeiro,2020.0,A1,P3,10:40,26.0,90.0,Sol,Limão,Frutos,Coleoptera,Chrysomelidae,,,
147,Fazenda Futuro,4.0,15.0,Janeiro,2020.0,A1,P4,10:49,26.0,90.0,Sol,Limão,Frutos,Coleoptera,Latridiidae,,,
148,Fazenda Futuro,4.0,15.0,Janeiro,2020.0,A1,P5,10:58,26.0,90.0,Sol,Laranja,Frutos,Coleoptera,Latridiidae,,,
149,Fazenda Futuro,4.0,15.0,Janeiro,2020.0,A1,P5,10:58,26.0,90.0,Sol,Laranja,Frutos,Coleoptera,Latridiidae,,,
150,Fazenda Futuro,4.0,15.0,Janeiro,2020.0,A1,P5,10:58,26.0,90.0,Sol,Laranja,Frutos,Hemiptera,,Percevejo,,
151,Fazenda Futuro,4.0,15.0,Janeiro,2020.0,A1,P5,10:58,26.0,90.0,Sol,Laranja,Frutos,Hemiptera,,Percevejo,,
152,Fazenda Futuro,4.0,15.0,Janeiro,2020.0,A1,P5,10:58,26.0,90.0,Sol,Laranja,Frutos,Hemiptera,,Percevejo,,
153,Fazenda Futuro,4.0,15.0,Janeiro,2020.0,A1,P5,10:58,26.0,90.0,Sol,Laranja,Frutos,Hemiptera,,Percevejo,,
154,Fazenda Futuro,4.0,15.0,Janeiro,2020.0,A1,P5,10:58,26.0,90.0,Sol,Laranja,Frutos,Hyminoptera,,Formiga,,
155,Fazenda Futuro,4.0,15.0,Janeiro,2020.0,A1,P5,10:58,26.0,90.0,Sol,Laranja,Frutos,Hyminoptera,,Formiga,,
156,Fazenda Futuro,4.0,15.0,Janeiro,2020.0,A2,P1,11:06,29.0,84.0,Sol,Açaí,,Sem Amostra,,,,
157,Fazenda Futuro,4.0,15.0,Janeiro,2020.0,A2,P2,11:10,29.0,84.0,Sol,Caju,,Sem Amostra,,,,
158,Fazenda Futuro,4.0,15.0,Janeiro,2020.0,A2,P3,11:13,29.0,84.0,Sol,Açaí,,Sem Amostra,,,,
159,Fazenda Futuro,4.0,15.0,Janeiro,2020.0,A2,P4,11:16,29.0,84.0,Sol,Cupuaçu,,Sem Amostra,,,,
160,Fazenda Futuro,4.0,15.0,Janeiro,2020.0,A2,P5,11:19,29.0,84.0,Sol,Açaí,Frutos,Sem Amostra,,,,
161,Fazenda Futuro,4.0,15.0,Janeiro,2020.0,A3,P1,11:25,30.0,73.0,Sol,Banana,Frutos,Sem Amostra,,,,
162,Fazenda Futuro,4.0,15.0,Janeiro,2020.0,A3,P2,11:28,30.0,73.0,Sol,Manga,,Sem Amostra,,,,
163,Fazenda Futuro,4.0,15.0,Janeiro,2020.0,A3,P3,11:32,30.0,73.0,Sol,Cacau,,Sem Amostra,,,,
164,Fazenda Futuro,4.0,15.0,Janeiro,2020.0,A3,P4,11:37,30.0,73.0,Sol,Banana,Frutos,Sem Amostra,,,,
165,Fazenda Futuro,4.0,15.0,Janeiro,2020.0,A3,P5,11:41,30.0,73.0,Sol,Manga,Frutos,Sem Amostra,,,,
166,Fazenda Futuro,4.0,15.0,Janeiro,2020.0,A4,P1,11:44,31.0,70.0,Sol,Açaí,,Sem Amostra,,,,
167,Fazenda Futuro,4.0,15.0,Janeiro,2020.0,A4,P2,11:47,31.0,70.0,Sol,Açaí,,Sem Amostra,,,,
168,Fazenda Futuro,4.0,15.0,Janeiro,2020.0,A4,P3,11:50,31.0,70.0,Sol,Açaí,,Sem Amostra,,,,
169,Fazenda Futuro,4.0,15.0,Janeiro,2020.0,A4,P4,11:52,31.0,70.0,Sol,Açaí,,Sem Amostra,,,,
170,Fazenda Futuro,4.0,15.0,Janeiro,2020.0,A4,P5,11:55,31.0,70.0,Sol,Açaí,,Sem Amostra,,,,
171,Fazenda Futuro,5.0,16.0,Janeiro,2020.0,A1,P1,9:33,28.0,84.0,Nublado,Laranja,Frutos,Sem Amostra,,,,
172,Fazenda Futuro,5.0,16.0,Janeiro,2020.0,A1,P2,9:40,28.0,84.0,Nublado,Laranja,Frutos,Coleoptera,Coccinellidae,Microweiseinae,,
173,Fazenda Futuro,5.0,16.0,Janeiro,2020.0,A1,P2,9:40,28.0,84.0,Nublado,Laranja,Frutos,Coleoptera,Chrysomelidae,,,
174,Fazenda Futuro,5.0,16.0,Janeiro,2020.0,A1,P2,9:40,28.0,84.0,Nublado,Laranja,Frutos,Coleoptera,Chrysomelidae,,,
175,Fazenda Futuro,5.0,16.0,Janeiro,2020.0,A1,P3,9:45,28.0,84.0,Sol,Limão,Flores e Frutos,Coleoptera,Latridiidae,,,
176,Fazenda Futuro,5.0,16.0,Janeiro,2020.0,A1,P3,9:45,28.0,84.0,Sol,Limão,Flores e Frutos,Coleoptera,Latridiidae,,,
177,Fazenda Futuro,5.0,16.0,Janeiro,2020.0,A1,P3,9:45,28.0,84.0,Sol,Limão,Flores e Frutos,Coleoptera,Leiodidae,,,
178,Fazenda Futuro,5.0,16.0,Janeiro,2020.0,A1,P4,9:52,28.0,84.0,Sol,Limão,Frutos,Sem Amostra,,,,
179,Fazenda Futuro,5.0,16.0,Janeiro,2020.0,A1,P5,10:00,28.0,84.0,Sol,Laranja,Frutos,Sem Amostra,,,,
180,Fazenda Futuro,5.0,16.0,Janeiro,2020.0,A2,P1,10:07,28.0,74.0,Sol,Açaí,,Coleoptera,Latridiidae,,,
181,Fazenda Futuro,5.0,16.0,Janeiro,2020.0,A2,P1,10:07,28.0,74.0,Sol,Açaí,,Coleoptera,Lycidae,,,
182,Fazenda Futuro,5.0,16.0,Janeiro,2020.0,A2,P2,10:11,28.0,74.0,Sol,Caju,,Sem Amostra,,,,
183,Fazenda Futuro,5.0,16.0,Janeiro,2020.0,A2,P3,10:14,28.0,74.0,Sol,Açaí,,Sem Amostra,,,,
184,Fazenda Futuro,5.0,16.0,Janeiro,2020.0,A2,P4,10:17,28.0,74.0,Sol,Cupuaçu,,Sem Amostra,,,,
185,Fazenda Futuro,5.0,16.0,Janeiro,2020.0,A2,P5,10:20,28.0,74.0,Sol,Açaí,Frutos,Sem Amostra,,,,
186,Fazenda Futuro,5.0,16.0,Janeiro,2020.0,A3,P1,10:25,29.0,81.0,Sol,Banana,Frutos,Sem Amostra,,,,
187,Fazenda Futuro,5.0,16.0,Janeiro,2020.0,A3,P2,10:29,29.0,81.0,Sol,Manga,,Coleoptera,Coccinellidae,Microweiseinae,,
188,Fazenda Futuro,5.0,16.0,Janeiro,2020.0,A3,P2,10:29,29.0,81.0,Sol,Manga,,Coleoptera,,,,
189,Fazenda Futuro,5.0,16.0,Janeiro,2020.0,A3,P3,10:35,29.0,81.0,Sol,Cacau,Frutos iniciais,Sem Amostra,,,,
190,Fazenda Futuro,5.0,16.0,Janeiro,2020.0,A3,P4,10:38,29.0,81.0,Sol,Manga,Frutos,Sem Amostra,,,,
191,Fazenda Futuro,5.0,16.0,Janeiro,2020.0,A3,P5,10:43,29.0,81.0,Sol,Banana,Frutos,Sem Amostra,,,,
192,Fazenda Futuro,5.0,16.0,Janeiro,2020.0,A4,P1,10:50,29.0,78.0,Sol,Açaí,,Sem Amostra,,,,
193,Fazenda Futuro,5.0,16.0,Janeiro,2020.0,A4,P2,10:52,29.0,78.0,Sol,Açaí,,Sem Amostra,,,,
194,Fazenda Futuro,5.0,16.0,Janeiro,2020.0,A4,P3,10:55,29.0,78.0,Sol,Açaí,,Sem Amostra,,,,
195,Fazenda Futuro,5.0,16.0,Janeiro,2020.0,A4,P4,10:58,29.0,78.0,Sol,Açaí,,Sem Amostra,,,,
196,Fazenda Futuro,5.0,16.0,Janeiro,2020.0,A4,P5,11:01,29.0,78.0,Sol,Açaí,,Sem Amostra,,,,
197,Fazenda Futuro,6.0,17.0,Janeiro,2020.0,A1,P1,10:21,28.0,73.0,Sol,Laranja,Frutos,Coleoptera,Coccinellidae,Microweiseinae,,
198,Fazenda Futuro,6.0,17.0,Janeiro,2020.0,A1,P1,10:21,28.0,73.0,Sol,Laranja,Frutos,Coleoptera,Chrysomelidae,,,
199,Fazenda Futuro,6.0,17.0,Janeiro,2020.0,A1,P1,10:21,28.0,73.0,Sol,Laranja,Frutos,Coleoptera,Chrysomelidae,,,
200,Fazenda Futuro,6.0,17.0,Janeiro,2020.0,A1,P1,10:21,28.0,73.0,Sol,Laranja,Frutos,Coleoptera,Chrysomelidae,,,
201,Fazenda Futuro,6.0,17.0,Janeiro,2020.0,A1,P1,10:21,28.0,73.0,Sol,Laranja,Frutos,Hyminoptera,,Formiga,,
202,Fazenda Futuro,6.0,17.0,Janeiro,2020.0,A1,P1,10:21,28.0,73.0,Sol,Laranja,Frutos,Restos Mortais*,,,,
203,Fazenda Futuro,6.0,17.0,Janeiro,2020.0,A1,P1,10:21,28.0,73.0,Sol,Laranja,Frutos,Restos Mortais*,,,,
204,Fazenda Futuro,6.0,17.0,Janeiro,2020.0,A1,P1,10:21,28.0,73.0,Sol,Laranja,Frutos,Restos Mortais*,,,,
205,Fazenda Futuro,6.0,17.0,Janeiro,2020.0,A1,P2,10:25,0.0,73.0,Sol,Laranja,Frutos,Coleoptera,Coccinellidae,Microweiseinae,,
206,Fazenda Futuro,6.0,17.0,Janeiro,2020.0,A1,P3,10:30,28.0,73.0,Sol,Limão,Frutos,HYminoptera,,Formiga,,
207,Fazenda Futuro,6.0,17.0,Janeiro,2020.0,A1,P4,10:37,28.0,73.0,Sol,Limão,Frutos,Coleoptera,Cleridae,,,
208,Fazenda Futuro,6.0,17.0,Janeiro,2020.0,A1,P5,10:55,28.0,73.0,Sol,Laranja,Frutos,Coleoptera,Chrysomelidae,,,
209,Fazenda Futuro,6.0,17.0,Janeiro,2020.0,A2,P1,10:59,28.0,73.0,Sol,Açaí,,Sem Amostra,,,,
210,Fazenda Futuro,6.0,17.0,Janeiro,2020.0,A2,P2,11:02,28.0,73.0,Sol,Caju,,Sem Amostra,,,,
211,Fazenda Futuro,6.0,17.0,Janeiro,2020.0,A2,P3,11:06,28.0,73.0,Sol,Açaí,,Sem Amostra,,,,
212,Fazenda Futuro,6.0,17.0,Janeiro,2020.0,A2,P4,11:09,28.0,73.0,Sol,Cupuaçu,,Sem Amostra,,,,
213,Fazenda Futuro,6.0,17.0,Janeiro,2020.0,A2,P5,11:12,28.0,73.0,Sol,Açaí,Frutos,Sem Amostra,,,,
214,Fazenda Futuro,6.0,17.0,Janeiro,2020.0,A3,P1,11:15,28.0,73.0,Sol,Banana,Frutos,Sem Amostra,,,,
215,Fazenda Futuro,6.0,17.0,Janeiro,2020.0,A3,P2,11:18,28.0,73.0,Sol,Manga,,Sem Amostra,,,,
216,Fazenda Futuro,6.0,17.0,Janeiro,2020.0,A3,P3,11:21,28.0,73.0,Sol,Cacau,Frutos,Sem Amostra,,,,
217,Fazenda Futuro,6.0,17.0,Janeiro,2020.0,A3,P4,11:24,28.0,73.0,Sol,Banana,Frutos,Sem Amostra,,,,
218,Fazenda Futuro,6.0,17.0,Janeiro,2020.0,A3,P5,11:27,28.0,73.0,Sol,Manga,Frutos,Sem Amostra,,,,
219,Fazenda Futuro,6.0,17.0,Janeiro,2020.0,A4,P1,11:31,28.0,73.0,Sol,Açaí,,Sem Amostra,,,,
220,Fazenda Futuro,6.0,17.0,Janeiro,2020.0,A4,P2,11:34,28.0,73.0,Sol,Açaí,,Sem Amostra,,,,
221,Fazenda Futuro,6.0,17.0,Janeiro,2020.0,A4,P3,11:37,28.0,73.0,Sol,Açaí,,Sem Amostra,,,,
222,Fazenda Futuro,6.0,17.0,Janeiro,2020.0,A4,P4,11:45,28.0,73.0,Sol,Açaí,,Sem Amostra,,,,
223,Fazenda Futuro,6.0,17.0,Janeiro,2020.0,A4,P5,11:48,28.0,73.0,Sol,Açaí,,Sem Amostra,,,,
224,Fazenda Futuro,7.0,19.0,Fevereiro,2020.0,A1,P1,,,,Chuvoso,Laranja,,Sem Amostra,,,,
225,Fazenda Futuro,7.0,19.0,Fevereiro,2020.0,A1,P2,,,,Chuvoso,Laranja,,Sem Amostra,,,,
226,Fazenda Futuro,7.0,19.0,Fevereiro,2020.0,A1,P3,,,,Chuvoso,Limão,,Sem Amostra,,,,
227,Fazenda Futuro,7.0,19.0,Fevereiro,2020.0,A1,P4,,,,Chuvoso,Limão,,Sem Amostra,,,,
228,Fazenda Futuro,7.0,19.0,Fevereiro,2020.0,A1,P5,,,,Chuvoso,Laranja,,Sem Amostra,,,,
229,Fazenda Futuro,7.0,19.0,Fevereiro,2020.0,A2,P1,,,,Chuvoso,Açaí,,Sem Amostra,,,,
230,Fazenda Futuro,7.0,19.0,Fevereiro,2020.0,A2,P2,,,,Chuvoso,Caju,,Sem Amostra,,,,
231,Fazenda Futuro,7.0,19.0,Fevereiro,2020.0,A2,P3,,,,Chuvoso,Açaí,,Sem Amostra,,,,
232,Fazenda Futuro,7.0,19.0,Fevereiro,2020.0,A2,P4,,,,Chuvoso,Cupuaçu,,Sem Amostra,,,,
233,Fazenda Futuro,7.0,19.0,Fevereiro,2020.0,A2,P5,,,,Chuvoso,Açaí,,Sem Amostra,,,,
234,Fazenda Futuro,7.0,19.0,Fevereiro,2020.0,A3,P1,,,,Chuvoso,Banana,,Sem Amostra,,,,
235,Fazenda Futuro,7.0,19.0,Fevereiro,2020.0,A3,P2,,,,Chuvoso,Manga,,Sem Amostra,,,,
236,Fazenda Futuro,7.0,19.0,Fevereiro,2020.0,A3,P3,,,,Chuvoso,Cacau,,Sem Amostra,,,,
237,Fazenda Futuro,7.0,19.0,Fevereiro,2020.0,A3,P4,,,,Chuvoso,Banana,,Sem Amostra,,,,
238,Fazenda Futuro,7.0,19.0,Fevereiro,2020.0,A3,P5,,,,Chuvoso,Manga,,Sem Amostra,,,,
239,Fazenda Futuro,7.0,19.0,Fevereiro,2020.0,A4,P1,,,,Chuvoso,Açaí,,Sem Amostra,,,,
240,Fazenda Futuro,7.0,19.0,Fevereiro,2020.0,A4,P2,,,,Chuvoso,Açaí,,Sem Amostra,,,,
241,Fazenda Futuro,7.0,19.0,Fevereiro,2020.0,A4,P3,,,,Chuvoso,Açaí,,Sem Amostra,,,,
242,Fazenda Futuro,7.0,19.0,Fevereiro,2020.0,A4,P4,,,,Chuvoso,Açaí,,Sem Amostra,,,,
243,Fazenda Futuro,7.0,19.0,Fevereiro,2020.0,A4,P5,,,,Chuvoso,Açaí,,Sem Amostra,,,,
244,Fazenda Futuro,8.0,20.0,Fevereiro,2020.0,A1,P1,8:45,24.0,94.0,Nublado,Laranja,Frutos,Coleoptera,Chrysomelidae,,,
245,Fazenda Futuro,8.0,20.0,Fevereiro,2020.0,A1,P1,8:45,24.0,94.0,Nublado,Laranja,Frutos,Coleoptera,Chrysomelidae,,,
246,Fazenda Futuro,8.0,20.0,Fevereiro,2020.0,A1,P1,8:45,24.0,94.0,Nublado,Laranja,Frutos,Hemiptera**,,,,
247,Fazenda Futuro,8.0,20.0,Fevereiro,2020.0,A1,P1,8:45,24.0,94.0,Nublado,Laranja,Frutos,Hemiptera**,,Percevejo,,
248,Fazenda Futuro,8.0,20.0,Fevereiro,2020.0,A1,P2,8:58,24.0,94.0,Nublado,Laranja,Frutos,Coleoptera,Chrysomelidae,,,
249,Fazenda Futuro,8.0,20.0,Fevereiro,2020.0,A1,P2,8:58,24.0,94.0,Nublado,Laranja,Frutos,Coleoptera,Chrysomelidae,,,
250,Fazenda Futuro,8.0,20.0,Fevereiro,2020.0,A1,P2,8:58,24.0,94.0,Nublado,Laranja,Frutos,Coleoptera,Alleculidae ,,,
251,Fazenda Futuro,8.0,20.0,Fevereiro,2020.0,A1,P2,8:58,24.0,94.0,Nublado,Laranja,Frutos,Restos Mortais*,,,,
252,Fazenda Futuro,8.0,20.0,Fevereiro,2020.0,A1,P2,8:58,24.0,94.0,Nublado,Laranja,Frutos,Restos Mortais*,,,,
253,Fazenda Futuro,8.0,20.0,Fevereiro,2020.0,A1,P2,8:58,24.0,94.0,Nublado,Laranja,Frutos,Restos Mortais*,,,,
254,Fazenda Futuro,8.0,20.0,Fevereiro,2020.0,A1,P3,9:09,24.0,94.0,Nublado,Limão,Frutos,Coleoptera,Chrysomelidae,,,
255,Fazenda Futuro,8.0,20.0,Fevereiro,2020.0,A1,P3,9:09,24.0,94.0,Nublado,Limão,Frutos,Coleoptera,Chrysomelidae,,,
256,Fazenda Futuro,8.0,20.0,Fevereiro,2020.0,A1,P3,9:09,24.0,94.0,Nublado,Limão,Frutos,Coleoptera,Chrysomelidae,,,
257,Fazenda Futuro,8.0,20.0,Fevereiro,2020.0,A1,P3,9:09,24.0,94.0,Nublado,Limão,Frutos,Coleoptera,Chrysomelidae,,,
258,Fazenda Futuro,8.0,20.0,Fevereiro,2020.0,A1,P3,9:09,24.0,94.0,Nublado,Limão,Frutos,Coleoptera,Latridiidae,,,
259,Fazenda Futuro,8.0,20.0,Fevereiro,2020.0,A1,P3,9:09,24.0,94.0,Nublado,Limão,Frutos,Hemiptera,,Percevejo,,
260,Fazenda Futuro,8.0,20.0,Fevereiro,2020.0,A1,P3,9:09,24.0,94.0,Nublado,Limão,Frutos,Hemiptera,,,,
261,Fazenda Futuro,8.0,20.0,Fevereiro,2020.0,A1,P3,9:09,24.0,94.0,Nublado,Limão,Frutos,Hemiptera,,,,
262,Fazenda Futuro,8.0,20.0,Fevereiro,2020.0,A1,P4,9:22,24.0,94.0,Nublado,Limão,Frutos,Coleoptera,Alleculidae ,,,
263,Fazenda Futuro,8.0,20.0,Fevereiro,2020.0,A1,P4,9:22,24.0,94.0,Nublado,Limão,Frutos,Coleoptera,Chrysomelidae,,,
264,Fazenda Futuro,8.0,20.0,Fevereiro,2020.0,A1,P4,9:22,24.0,94.0,Nublado,Limão,Frutos,Coleoptera,Chrysomelidae,,,
265,Fazenda Futuro,8.0,20.0,Fevereiro,2020.0,A1,P4,9:22,24.0,94.0,Nublado,Limão,Frutos,Coleoptera,Chrysomelidae,,,
266,Fazenda Futuro,8.0,20.0,Fevereiro,2020.0,A1,P4,9:22,24.0,94.0,Nublado,Limão,Frutos,Coleoptera,Chrysomelidae,,,
267,Fazenda Futuro,8.0,20.0,Fevereiro,2020.0,A1,P4,9:22,24.0,94.0,Nublado,Limão,Frutos,Coleoptera,Curculionidae,,,
268,Fazenda Futuro,8.0,20.0,Fevereiro,2020.0,A1,P4,9:22,24.0,94.0,Nublado,Limão,Frutos,Restos Mortais*,,,,
269,Fazenda Futuro,8.0,20.0,Fevereiro,2020.0,A1,P5,9:35,24.0,94.0,Nublado,Laranja,Frutos,Coleoptera,Coccinellidae,Coccinellinae,,
270,Fazenda Futuro,8.0,20.0,Fevereiro,2020.0,A1,P5,9:35,24.0,94.0,Nublado,Laranja,Frutos,Coleoptera,Chrysomelidae,,,
271,Fazenda Futuro,8.0,20.0,Fevereiro,2020.0,A1,P5,9:35,24.0,94.0,Nublado,Laranja,Frutos,Coleoptera,Chrysomelidae,,,
272,Fazenda Futuro,8.0,20.0,Fevereiro,2020.0,A1,P5,9:35,24.0,94.0,Nublado,Laranja,Frutos,Coleoptera,Curculionidae,,,
273,Fazenda Futuro,8.0,20.0,Fevereiro,2020.0,A1,P5,9:35,24.0,94.0,Nublado,Laranja,Frutos,Restos Mortais*,,,,
274,Fazenda Futuro,8.0,20.0,Fevereiro,2020.0,A1,P5,9:35,24.0,94.0,Nublado,Laranja,Frutos,Restos Mortais*,,,,
275,Fazenda Futuro,8.0,20.0,Fevereiro,2020.0,A1,P5,9:35,24.0,94.0,Nublado,Laranja,Frutos,Restos Mortais*,,,,
276,Fazenda Futuro,8.0,20.0,Fevereiro,2020.0,A2,P1,9:58,24.0,94.0,Nublado,Açaí,,Coleoptera,Chrysomelidae,,,
277,Fazenda Futuro,8.0,20.0,Fevereiro,2020.0,A2,P1,9:58,24.0,94.0,Nublado,Açaí,,Restos Mortais*,,,,
278,Fazenda Futuro,8.0,20.0,Fevereiro,2020.0,A2,P2,10:04,24.0,94.0,Nublado,Caju,,Coleoptera,Chrysomelidae,,,
279,Fazenda Futuro,8.0,20.0,Fevereiro,2020.0,A2,P3,10:07,24.0,94.0,Nublado,Açaí,,Sem Amostra,,,,
280,Fazenda Futuro,8.0,20.0,Fevereiro,2020.0,A2,P4,10:18,24.0,94.0,Nublado,Cupuaçu,Frutos,Sem Amostra,,,,
281,Fazenda Futuro,8.0,20.0,Fevereiro,2020.0,A2,P5,10:23,24.0,94.0,Nublado,Açaí,Flores e Frutos,Coleoptera,Leiodidae,,,
282,Fazenda Futuro,8.0,20.0,Fevereiro,2020.0,A2,P5,10:23,24.0,94.0,Nublado,Açaí,Flores e Frutos,Hyminoptera,,Formiga,,
283,Fazenda Futuro,8.0,20.0,Fevereiro,2020.0,A3,P1,10:28,24.0,94.0,Nublado,Banana,Frutos,Sem Amostra,,,,
284,Fazenda Futuro,8.0,20.0,Fevereiro,2020.0,A3,P2,10:31,24.0,94.0,Nublado,Manga,,Coleoptera,Coccinellidae,Coccinellinae,,
285,Fazenda Futuro,8.0,20.0,Fevereiro,2020.0,A3,P2,10:31,24.0,94.0,Nublado,Manga,,Coleoptera,Coccinellidae,Coccinellinae,,
286,Fazenda Futuro,8.0,20.0,Fevereiro,2020.0,A3,P3,10:38,24.0,94.0,Nublado,Cacau,Frutos,Sem Amostra,,,,
287,Fazenda Futuro,8.0,20.0,Fevereiro,2020.0,A3,P4,10:43,24.0,94.0,Nublado,Banana,,Sem Amostra,,,,
288,Fazenda Futuro,8.0,20.0,Fevereiro,2020.0,A3,P5,10:53,24.0,94.0,Nublado,Manga,,Coleoptera,Chrysomelidae,,,
289,Fazenda Futuro,8.0,20.0,Fevereiro,2020.0,A3,P5,10:53,24.0,94.0,Nublado,Manga,,Hemiptera**,,Percevejo,,
290,Fazenda Futuro,8.0,20.0,Fevereiro,2020.0,A3,P5,11:53,24.0,94.0,Nublado,Manga,,Hemiptera**,,,,
291,Fazenda Futuro,8.0,20.0,Fevereiro,2020.0,A3,P5,12:53,24.0,94.0,Nublado,Manga,,Hemiptera**,,,,
292,Fazenda Futuro,8.0,20.0,Fevereiro,2020.0,A3,P5,13:53,24.0,94.0,Nublado,Manga,,Hemiptera**,,,,
293,Fazenda Futuro,8.0,20.0,Fevereiro,2020.0,A3,P5,14:53,24.0,94.0,Nublado,Manga,,Hemiptera**,,,,
294,Fazenda Futuro,8.0,20.0,Fevereiro,2020.0,A3,P5,15:53,24.0,94.0,Nublado,Manga,,Hemiptera**,,,,
295,Fazenda Futuro,8.0,20.0,Fevereiro,2020.0,A3,P5,16:53,24.0,94.0,Nublado,Manga,,Hemiptera**,,,,
296,Fazenda Futuro,8.0,20.0,Fevereiro,2020.0,A3,P5,17:53,24.0,94.0,Nublado,Manga,,Hemiptera**,,,,
297,Fazenda Futuro,8.0,20.0,Fevereiro,2020.0,A3,P5,18:53,24.0,94.0,Nublado,Manga,,Hemiptera**,,,,
298,Fazenda Futuro,8.0,20.0,Fevereiro,2020.0,A3,P5,19:53,24.0,94.0,Nublado,Manga,,Hemiptera**,,,,
299,Fazenda Futuro,8.0,20.0,Fevereiro,2020.0,A3,P5,20:53,24.0,94.0,Nublado,Manga,,Hemiptera**,,,,
300,Fazenda Futuro,8.0,20.0,Fevereiro,2020.0,A3,P5,10:53,24.0,94.0,Nublado,Manga,,Hemiptera**,,,,
301,Fazenda Futuro,8.0,20.0,Fevereiro,2020.0,A4,P1,10:56,24.0,94.0,Nublado,Açaí,,Sem Amostra,,,,
302,Fazenda Futuro,8.0,20.0,Fevereiro,2020.0,A4,P2,10:59,24.0,94.0,Nublado,Açaí,,Sem Amostra,,,,
303,Fazenda Futuro,8.0,20.0,Fevereiro,2020.0,A4,P3,11:02,24.0,94.0,Nublado,Açaí,,Sem Amostra,,,,
304,Fazenda Futuro,8.0,20.0,Fevereiro,2020.0,A4,P4,11:08,24.0,94.0,Nublado,Açaí,,Sem Amostra,,,,
305,Fazenda Futuro,8.0,20.0,Fevereiro,2020.0,A4,P5,11:11,24.0,94.0,Nublado,Açaí,,Sem Amostra,,,,
306,Fazenda Futuro,9.0,21.0,Fevereiro,2020.0,A1,P1,8:43,25.0,94.0,Nublado,Laranja,Frutos,Coleoptera,Chrysomelidae,,,
307,Fazenda Futuro,9.0,21.0,Fevereiro,2020.0,A1,P1,8:43,25.0,94.0,Nublado,Laranja,Frutos,Coleoptera,Chrysomelidae,,,
308,Fazenda Futuro,9.0,21.0,Fevereiro,2020.0,A1,P1,8:43,25.0,94.0,Nublado,Laranja,Frutos,Coleoptera,Chrysomelidae,,,
309,Fazenda Futuro,9.0,21.0,Fevereiro,2020.0,A1,P1,8:43,25.0,94.0,Nublado,Laranja,Frutos,Coleoptera,Chrysomelidae,,,
310,Fazenda Futuro,9.0,21.0,Fevereiro,2020.0,A1,P1,8:43,25.0,94.0,Nublado,Laranja,Frutos,Coleoptera,Curculionidae,,,
311,Fazenda Futuro,9.0,21.0,Fevereiro,2020.0,A1,P2,9:49,25.0,94.0,Nublado,Laranja,Frutos,Coleoptera,Chrysomelidae,,,
312,Fazenda Futuro,9.0,21.0,Fevereiro,2020.0,A1,P2,9:49,25.0,94.0,Nublado,Laranja,Frutos,Coleoptera,Chrysomelidae,,,
313,Fazenda Futuro,9.0,21.0,Fevereiro,2020.0,A1,P2,9:49,25.0,94.0,Nublado,Laranja,Frutos,Restos Mortais*,,,,
314,Fazenda Futuro,9.0,21.0,Fevereiro,2020.0,A1,P2,9:49,25.0,94.0,Nublado,Laranja,Frutos,Restos Mortais*,,,,
315,Fazenda Futuro,9.0,21.0,Fevereiro,2020.0,A1,P2,9:49,25.0,94.0,Nublado,Laranja,Frutos,Restos Mortais*,,,,
316,Fazenda Futuro,9.0,21.0,Fevereiro,2020.0,A1,P2,9:49,25.0,94.0,Nublado,Laranja,Frutos,Restos Mortais*,,,,
317,Fazenda Futuro,9.0,21.0,Fevereiro,2020.0,A1,P3,9:42,25.0,94.0,Chuvoso,Limão,Frutos,Coleoptera,Latridiidae,,,
318,Fazenda Futuro,9.0,21.0,Fevereiro,2020.0,A1,P3,9:42,25.0,94.0,Chuvoso,Limão,Frutos,Coleoptera,Chrysomelidae,,,
319,Fazenda Futuro,9.0,21.0,Fevereiro,2020.0,A1,P3,9:42,25.0,94.0,Chuvoso,Limão,Frutos,Coleoptera,Chrysomelidae,,,
320,Fazenda Futuro,9.0,21.0,Fevereiro,2020.0,A1,P3,9:42,25.0,94.0,Chuvoso,Limão,Frutos,Coleoptera,Curculionidae,,,
321,Fazenda Futuro,9.0,21.0,Fevereiro,2020.0,A1,P3,9:42,25.0,94.0,Chuvoso,Limão,Frutos,Coleoptera,Curculionidae,,,
322,Fazenda Futuro,9.0,21.0,Fevereiro,2020.0,A1,P3,9:42,25.0,94.0,Chuvoso,Limão,Frutos,Hemiptera,Scutelleridae,,,
323,Fazenda Futuro,9.0,21.0,Fevereiro,2020.0,A1,P4,10:00,25.0,94.0,Chuvoso,Limão,Frutos,Coleoptera,Coccinellidae,Microweiseinae,,
324,Fazenda Futuro,9.0,21.0,Fevereiro,2020.0,A1,P4,10:00,25.0,94.0,Chuvoso,Limão,Frutos,Coleoptera,Coccinellidae,Microweiseinae,,
325,Fazenda Futuro,9.0,21.0,Fevereiro,2020.0,A1,P4,10:00,25.0,94.0,Chuvoso,Limão,Frutos,Coleoptera,Curculionidae,,,
326,Fazenda Futuro,9.0,21.0,Fevereiro,2020.0,A1,P4,10:00,25.0,94.0,Chuvoso,Limão,Frutos,Coleoptera,Chrysomelidae,,,
327,Fazenda Futuro,9.0,21.0,Fevereiro,2020.0,A1,P4,10:00,25.0,94.0,Chuvoso,Limão,Frutos,Coleoptera,Chrysomelidae,,,
328,Fazenda Futuro,9.0,21.0,Fevereiro,2020.0,A1,P4,10:00,25.0,94.0,Chuvoso,Limão,Frutos,Hemiptera**,,,,
329,Fazenda Futuro,9.0,21.0,Fevereiro,2020.0,A1,P5,10:13,25.0,94.0,Chuvoso,Laranja,Frutos,Coleoptera,Chrysomelidae,,,
330,Fazenda Futuro,9.0,21.0,Fevereiro,2020.0,A1,P5,10:13,25.0,94.0,Chuvoso,Laranja,Frutos,Coleoptera,Chrysomelidae,,,
331,Fazenda Futuro,9.0,21.0,Fevereiro,2020.0,A1,P5,10:13,25.0,94.0,Chuvoso,Laranja,Frutos,Coleoptera,Chrysomelidae,,,
332,Fazenda Futuro,9.0,21.0,Fevereiro,2020.0,A1,P5,10:13,25.0,94.0,Chuvoso,Laranja,Frutos,Coleoptera,Curculionidae,,,
333,Fazenda Futuro,9.0,21.0,Fevereiro,2020.0,A2,P1,10:28,25.0,94.0,Chuvoso,Açaí,,Sem Amostra,,,,
334,Fazenda Futuro,9.0,21.0,Fevereiro,2020.0,A2,P2,10:33,25.0,94.0,Nublado,Caju,,Sem Amostra,,,,
335,Fazenda Futuro,9.0,21.0,Fevereiro,2020.0,A2,P3,10:36,25.0,94.0,Nublado,Açaí,,Coleoptera,Coccinellidae,Coccinellinae,,
336,Fazenda Futuro,9.0,21.0,Fevereiro,2020.0,A2,P4,10:42,25.0,94.0,Nublado,Cupuaçu,Frutos,Coleoptera,Leiodidae,,,
337,Fazenda Futuro,9.0,21.0,Fevereiro,2020.0,A2,P5,10:46,25.0,94.0,Nublado,Açaí,Flores e Frutos,Coleoptera,Lampyridae,,,
338,Fazenda Futuro,9.0,21.0,Fevereiro,2020.0,A3,P1,10:50,25.0,94.0,Chuvoso,Banana,Frutos,Sem Amostra,,,,
339,Fazenda Futuro,9.0,21.0,Fevereiro,2020.0,A3,P2,10:56,25.0,94.0,Nublado,Manga,Flores e Frutos,Sem Amostra,,,,
340,Fazenda Futuro,9.0,21.0,Fevereiro,2020.0,A3,P3,11:00,25.0,94.0,Nublado,Cacau,,Sem Amostra,,,,
341,Fazenda Futuro,9.0,21.0,Fevereiro,2020.0,A3,P4,11:04,25.0,94.0,Nublado,Banana,,Coleoptera,Coccinellidae,Coccinellinae,,
342,Fazenda Futuro,9.0,21.0,Fevereiro,2020.0,A3,P5,11:13,25.0,94.0,Nublado,Manga,,Coleoptera,Coccinellidae,Coccinellinae,,
343,Fazenda Futuro,9.0,21.0,Fevereiro,2020.0,A3,P5,11:13,25.0,94.0,Nublado,Manga,,Restos Mortais*,,,,
344,Fazenda Futuro,9.0,21.0,Fevereiro,2020.0,A3,P5,11:13,25.0,94.0,Nublado,Manga,,Restos Mortais*,,,,
345,Fazenda Futuro,9.0,21.0,Fevereiro,2020.0,A3,P5,11:13,25.0,94.0,Nublado,Manga,,Restos Mortais*,,,,
346,Fazenda Futuro,9.0,21.0,Fevereiro,2020.0,A3,P5,11:13,25.0,94.0,Nublado,Manga,,Restos Mortais*,,,,
347,Fazenda Futuro,9.0,21.0,Fevereiro,2020.0,A3,P5,11:13,25.0,94.0,Nublado,Manga,,Restos Mortais*,,,,
348,Fazenda Futuro,9.0,21.0,Fevereiro,2020.0,A3,P5,11:13,25.0,94.0,Nublado,Manga,,Restos Mortais*,,,,
349,Fazenda Futuro,9.0,21.0,Fevereiro,2020.0,A4,P1,11:16,25.0,94.0,Nublado,Açaí,,Sem Amostra,,,,
350,Fazenda Futuro,9.0,21.0,Fevereiro,2020.0,A4,P2,11:19,25.0,94.0,Nublado,Açaí,,Sem Amostra,,,,
351,Fazenda Futuro,9.0,21.0,Fevereiro,2020.0,A4,P3,11:22,25.0,94.0,Nublado,Açaí,,Sem Amostra,,,,
352,Fazenda Futuro,9.0,21.0,Fevereiro,2020.0,A4,P4,11:25,25.0,94.0,Nublado,Açaí,,Coleoptera,Chrysomelidae,,,
353,Fazenda Futuro,9.0,21.0,Fevereiro,2020.0,A4,P5,11:30,25.0,94.0,Nublado,Açaí,,Coleoptera,Coccinellidae,Coccinellinae,,
354,Fazenda Futuro,9.0,21.0,Fevereiro,2020.0,A4,P5,11:30,25.0,94.0,Nublado,Açaí,,Coleoptera,Coccinellidae,Coccinellinae,,
355,Fazenda Futuro,10.0,18.0,Março,2020.0,A1,P1,9:34,28.0,79.0,Sol,Laranja,Frutos (maturação),Coleoptera,Chrysomelidae,,Costalimaita spp.,
356,Fazenda Futuro,10.0,18.0,Março,2020.0,A1,P2,9:45,28.0,79.0,Sol,Laranja,Frutos,Restos Mortais*,,,,
357,Fazenda Futuro,10.0,18.0,Março,2020.0,A1,P2,9:45,28.0,79.0,Sol,Laranja,Frutos,Restos Mortais*,,,,
358,Fazenda Futuro,10.0,18.0,Março,2020.0,A1,P3,10:01,28.0,79.0,Sol,Limão,Frutos,Coleoptera,Chrysomelidae,,Costalimaita spp.,
359,Fazenda Futuro,10.0,18.0,Março,2020.0,A1,P3,10:01,28.0,79.0,Sol,Limão,Frutos,Coleoptera,Chrysomelidae,,Costalimaita spp.,
360,Fazenda Futuro,10.0,18.0,Março,2020.0,A1,P3,10:01,28.0,79.0,Sol,Limão,Frutos,Coleoptera,Chrysomelidae,,Costalimaita spp.,
361,Fazenda Futuro,10.0,18.0,Março,2020.0,A1,P3,10:01,28.0,79.0,Sol,Limão,Frutos,Coleoptera,Chrysomelidae,,Costalimaita spp.,
362,Fazenda Futuro,10.0,18.0,Março,2020.0,A1,P3,10:01,28.0,79.0,Sol,Limão,Frutos,Coleoptera,Chrysomelidae,,Costalimaita spp.,
363,Fazenda Futuro,10.0,18.0,Março,2020.0,A1,P3,10:01,28.0,79.0,Sol,Limão,Frutos,Coleoptera,Coccinellidae,Coccinellinae,,
364,Fazenda Futuro,10.0,18.0,Março,2020.0,A1,P3,10:01,28.0,79.0,Sol,Limão,Frutos,Coleoptera,Coccinellidae,Coccinellinae,,
365,Fazenda Futuro,10.0,18.0,Março,2020.0,A1,P3,10:01,28.0,79.0,Sol,Limão,Frutos,Coleoptera,Coccinellidae,Coccinellinae,,
366,Fazenda Futuro,10.0,18.0,Março,2020.0,A1,P3,10:01,28.0,79.0,Sol,Limão,Frutos,Coleoptera,Coccinellidae,Coccinellinae,,
367,Fazenda Futuro,10.0,18.0,Março,2020.0,A1,P3,10:01,28.0,79.0,Sol,Limão,Frutos,Coleoptera,Chrysomelidae,,,
368,Fazenda Futuro,10.0,18.0,Março,2020.0,A1,P3,10:01,28.0,79.0,Sol,Limão,Frutos,Coleoptera,Latridiidae,,Melanophthalma sp,
369,Fazenda Futuro,10.0,18.0,Março,2020.0,A1,P3,10:01,28.0,79.0,Sol,Limão,Frutos,Coleoptera,Latridiidae,,Melanophthalma sp,
370,Fazenda Futuro,10.0,18.0,Março,2020.0,A1,P3,10:01,28.0,79.0,Sol,Limão,Frutos,Coleoptera,Latridiidae,,Melanophthalma sp,
371,Fazenda Futuro,10.0,18.0,Março,2020.0,A1,P3,10:01,28.0,79.0,Sol,Limão,Frutos,Coleoptera,Latridiidae,,Melanophthalma sp,
372,Fazenda Futuro,10.0,18.0,Março,2020.0,A1,P3,10:01,28.0,79.0,Sol,Limão,Frutos,Coleoptera,Latridiidae,,Melanophthalma sp,
373,Fazenda Futuro,10.0,18.0,Março,2020.0,A1,P3,10:01,28.0,79.0,Sol,Limão,Frutos,Coleoptera,,,,
374,Fazenda Futuro,10.0,18.0,Março,2020.0,A1,P4,10:12,28.0,79.0,Sol,Limão,Frutos,Ácaro,,Ácaro,,
375,Fazenda Futuro,10.0,18.0,Março,2020.0,A1,P4,10:12,28.0,79.0,Sol,Limão,Frutos,Blatodea**,,,,
376,Fazenda Futuro,10.0,18.0,Março,2020.0,A1,P4,10:12,28.0,79.0,Sol,Limão,Frutos,Coleoptera,Coccinellidae,Microweiseinae,,
377,Fazenda Futuro,10.0,18.0,Março,2020.0,A1,P4,10:12,28.0,79.0,Sol,Limão,Frutos,Coleoptera,Latridiidae,,,
378,Fazenda Futuro,10.0,18.0,Março,2020.0,A1,P4,10:12,28.0,79.0,Sol,Limão,Frutos,Coleoptera,Cleridae,,,
379,Fazenda Futuro,10.0,18.0,Março,2020.0,A1,P4,10:12,28.0,79.0,Sol,Limão,Frutos,Coleoptera,Curculionidae,,,
380,Fazenda Futuro,10.0,18.0,Março,2020.0,A1,P4,10:12,28.0,79.0,Sol,Limão,Frutos,Coleoptera,Curculionidae,,,
381,Fazenda Futuro,10.0,18.0,Março,2020.0,A1,P5,10:22,28.0,79.0,Sol,Laranja,Frutos,Coleoptera,Coccinellidae,Microweiseinae,,
382,Fazenda Futuro,10.0,18.0,Março,2020.0,A1,P5,10:22,28.0,79.0,Sol,Laranja,Frutos,Coleoptera,Chrysomelidae,,,
383,Fazenda Futuro,10.0,18.0,Março,2020.0,A1,P5,10:22,28.0,79.0,Sol,Laranja,Frutos,Coleoptera,Curculionidae,,,
384,Fazenda Futuro,10.0,18.0,Março,2020.0,A2,P1,10:58,28.0,79.0,Vento,Açaí,,Coleoptera,Coccinellidae,Microweiseinae,,
385,Fazenda Futuro,10.0,18.0,Março,2020.0,A2,P1,10:58,28.0,79.0,Vento,Açaí,,Coleoptera,Coccinellidae,Microweiseinae,,
386,Fazenda Futuro,10.0,18.0,Março,2020.0,A2,P1,10:58,28.0,79.0,Vento,Açaí,,Coleoptera,Coccinellidae,Microweiseinae,,
387,Fazenda Futuro,10.0,18.0,Março,2020.0,A2,P1,10:58,28.0,79.0,Vento,Açaí,,Coleoptera,Coccinellidae,Microweiseinae,,
388,Fazenda Futuro,10.0,18.0,Março,2020.0,A2,P1,10:58,28.0,79.0,Vento,Açaí,,Coleoptera,Coccinellidae,Coccinellinae,,
389,Fazenda Futuro,10.0,18.0,Março,2020.0,A2,P1,10:58,28.0,79.0,Vento,Açaí,,Coleoptera,,,,
390,Fazenda Futuro,10.0,18.0,Março,2020.0,A2,P2,11:05,28.0,79.0,Sol,Caju,,Sem Amostra,,,,
391,Fazenda Futuro,10.0,18.0,Março,2020.0,A2,P3,11:10,28.0,79.0,Vento,Açaí,,Coleoptera,Latridiidae,,Melanophthalma sp.,
392,Fazenda Futuro,10.0,18.0,Março,2020.0,A2,P4,11:15,28.0,79.0,Vento,Cupuaçu,Frutos,Coleoptera,Chrysomelidae,,,
393,Fazenda Futuro,10.0,18.0,Março,2020.0,A2,P4,11:15,28.0,79.0,Vento,Cupuaçu,Frutos,Coleoptera,Scarabaeidae,,,
394,Fazenda Futuro,10.0,18.0,Março,2020.0,A2,P4,11:15,28.0,79.0,Vento,Cupuaçu,Frutos,Hemiptera**,,,,
395,Fazenda Futuro,10.0,18.0,Março,2020.0,A2,P4,11:15,28.0,79.0,Vento,Cupuaçu,Frutos,Hemiptera**,,,,
396,Fazenda Futuro,10.0,18.0,Março,2020.0,A2,P5,11:20,28.0,79.0,Vento,Açaí,Flores,Coleoptera,Chrysomelidae,,Costalimaita spp.,
397,Fazenda Futuro,10.0,18.0,Março,2020.0,A2,P5,11:20,28.0,79.0,Vento,Açaí,Flores,Coleoptera,Chrysomelidae,,Costalimaita spp.,
398,Fazenda Futuro,10.0,18.0,Março,2020.0,A2,P5,11:20,28.0,79.0,Vento,Açaí,Flores,Hemiptera**,,,,
399,Fazenda Futuro,10.0,18.0,Março,2020.0,A3,P1,11:25,28.0,79.0,Vento,Banana,,Coleoptera,Coccinellidae,Microweiseinae,,
400,Fazenda Futuro,10.0,18.0,Março,2020.0,A3,P1,11:25,28.0,79.0,Vento,Banana,,Coleoptera,Coccinellidae,Microweiseinae,,
401,Fazenda Futuro,10.0,18.0,Março,2020.0,A3,P2,11:30,28.0,79.0,Nublado,Manga,,Coleoptera,Chrysomelidae,,,
402,Fazenda Futuro,10.0,18.0,Março,2020.0,A3,P2,11:30,28.0,79.0,Nublado,Manga,,Coleoptera,Chrysomelidae,,,
403,Fazenda Futuro,10.0,18.0,Março,2020.0,A3,P2,11:30,28.0,79.0,Nublado,Manga,,Coleoptera,Cleridae,,,
404,Fazenda Futuro,10.0,18.0,Março,2020.0,A3,P3,11:35,28.0,79.0,Nublado,Cacau,Frutos,Sem Amostra,,,,
405,Fazenda Futuro,10.0,18.0,Março,2020.0,A3,P4,11:40,28.0,79.0,Nublado,Banana,Flores e Frutos,Sem Amostra,,,,
406,Fazenda Futuro,10.0,18.0,Março,2020.0,A3,P5,11:45,28.0,79.0,Nublado,Manga,,Coleoptera,Cleridae,,,
407,Fazenda Futuro,10.0,18.0,Março,2020.0,A4,P1,11:50,28.0,75.0,Chuvoso,Açaí,,Sem Amostra,,,,
408,Fazenda Futuro,10.0,18.0,Março,2020.0,A4,P2,11:56,29.0,75.0,Chuvoso,Açaí,,Sem Amostra,,,,
409,Fazenda Futuro,10.0,18.0,Março,2020.0,A4,P3,11:59,29.0,75.0,Chuvoso,Açaí,,Sem Amostra,,,,
410,Fazenda Futuro,10.0,18.0,Março,2020.0,A4,P4,12:05,29.0,75.0,Chuvoso,Açaí,,Coleoptera,Coccinellidae,Microweiseinae,,
411,Fazenda Futuro,10.0,18.0,Março,2020.0,A4,P4,12:05,29.0,75.0,Chuvoso,Açaí,,Coleoptera,Coccinellidae,Microweiseinae,,
412,Fazenda Futuro,10.0,18.0,Março,2020.0,A4,P5,12:12,29.0,75.0,Chuvoso,Açaí,,Coleoptera,Coccinellidae,Coccinellinae,,
413,Fazenda Futuro,11.0,19.0,Março,2020.0,A1,P1,9:14,24.0,94.0,Nublado,Laranja,Frutos,Coleoptera,Chrysomelidae,,,Costalimaita ferruginea
414,Fazenda Futuro,11.0,19.0,Março,2020.0,A1,P1,9:14,24.0,94.0,Nublado,Laranja,Frutos,Coleoptera,Chrysomelidae,,,Costalimaita ferruginea
415,Fazenda Futuro,11.0,19.0,Março,2020.0,A1,P1,9:14,24.0,94.0,Nublado,Laranja,Frutos,Coleoptera,Chrysomelidae,,,Costalimaita ferruginea
416,Fazenda Futuro,11.0,19.0,Março,2020.0,A1,P1,9:14,24.0,94.0,Nublado,Laranja,Frutos,Hemiptera**,,,,
417,Fazenda Futuro,11.0,19.0,Março,2020.0,A1,P1,9:14,24.0,94.0,Nublado,Laranja,Frutos,Hemiptera**,,,,
418,Fazenda Futuro,11.0,19.0,Março,2020.0,A1,P2,9:28,24.0,94.0,Nublado,Laranja,Frutos,Ácaro,,Ácaro,,
419,Fazenda Futuro,11.0,19.0,Março,2020.0,A1,P2,9:28,24.0,94.0,Nublado,Laranja,Frutos,Ácaro,,Ácaro,,
420,Fazenda Futuro,11.0,19.0,Março,2020.0,A1,P2,9:28,24.0,94.0,Nublado,Laranja,Frutos,Ácaro,,Ácaro,,
421,Fazenda Futuro,11.0,19.0,Março,2020.0,A1,P2,9:28,24.0,94.0,Nublado,Laranja,Frutos,Ácaro,,Ácaro,,
422,Fazenda Futuro,11.0,19.0,Março,2020.0,A1,P2,9:28,24.0,94.0,Nublado,Laranja,Frutos,Coleoptera,Chrysomelidae,,,Costalimaita ferruginea
423,Fazenda Futuro,11.0,19.0,Março,2020.0,A1,P2,9:28,24.0,94.0,Nublado,Laranja,Frutos,Coleoptera,Chrysomelidae,,,Costalimaita ferruginea
424,Fazenda Futuro,11.0,19.0,Março,2020.0,A1,P2,9:28,24.0,94.0,Nublado,Laranja,Frutos,Coleoptera,Chrysomelidae,,,Costalimaita ferruginea
425,Fazenda Futuro,11.0,19.0,Março,2020.0,A1,P2,9:28,24.0,94.0,Nublado,Laranja,Frutos,Coleoptera,Chrysomelidae,,,Costalimaita ferruginea
426,Fazenda Futuro,11.0,19.0,Março,2020.0,A1,P2,9:28,24.0,94.0,Nublado,Laranja,Frutos,Coleoptera,Chrysomelidae,,,Costalimaita ferruginea
427,Fazenda Futuro,11.0,19.0,Março,2020.0,A1,P2,9:28,24.0,94.0,Nublado,Laranja,Frutos,Coleoptera,Chrysomelidae,,,Costalimaita ferruginea
428,Fazenda Futuro,11.0,19.0,Março,2020.0,A1,P2,9:28,24.0,94.0,Nublado,Laranja,Frutos,Coleoptera,Chrysomelidae,,,Costalimaita ferruginea
429,Fazenda Futuro,11.0,19.0,Março,2020.0,A1,P2,9:28,24.0,94.0,Nublado,Laranja,Frutos,Coleoptera,Chrysomelidae,,,Costalimaita ferruginea
430,Fazenda Futuro,11.0,19.0,Março,2020.0,A1,P3,9:39,24.0,94.0,Nublado,Limão,Frutos,Coleoptera,Chrysomelidae,, Costalimaita spp.,
431,Fazenda Futuro,11.0,19.0,Março,2020.0,A1,P3,9:39,24.0,94.0,Nublado,Limão,Frutos,Coleoptera,Chrysomelidae,, Costalimaita spp.,
432,Fazenda Futuro,11.0,19.0,Março,2020.0,A1,P3,9:39,24.0,94.0,Nublado,Limão,Frutos,Coleoptera,Chrysomelidae,, Costalimaita spp.,
433,Fazenda Futuro,11.0,19.0,Março,2020.0,A1,P3,9:39,24.0,94.0,Nublado,Limão,Frutos,Coleoptera,Chrysomelidae,, Costalimaita spp.,
434,Fazenda Futuro,11.0,19.0,Março,2020.0,A1,P3,9:39,24.0,94.0,Nublado,Limão,Frutos,Coleoptera,Chrysomelidae,, Costalimaita spp.,
435,Fazenda Futuro,11.0,19.0,Março,2020.0,A1,P3,9:39,24.0,94.0,Nublado,Limão,Frutos,Mantodea,,Louva-a-Deus,,
436,Fazenda Futuro,11.0,19.0,Março,2020.0,A1,P4,9:51,24.0,94.0,Sol,Limão,Frutos,Coleoptera,Coccinellidae,Coccinellinae,,
437,Fazenda Futuro,11.0,19.0,Março,2020.0,A1,P4,9:51,24.0,94.0,Sol,Limão,Frutos,Coleoptera,Chrysomelidae,, Costalimaita spp.,
438,Fazenda Futuro,11.0,19.0,Março,2020.0,A1,P4,9:51,24.0,94.0,Sol,Limão,Frutos,Coleoptera,Chrysomelidae,, Costalimaita spp.,
439,Fazenda Futuro,11.0,19.0,Março,2020.0,A1,P4,9:51,24.0,94.0,Sol,Limão,Frutos,Coleoptera,Chrysomelidae,, Costalimaita spp.,
440,Fazenda Futuro,11.0,19.0,Março,2020.0,A1,P4,9:51,24.0,94.0,Sol,Limão,Frutos,Coleoptera,Chrysomelidae,, Costalimaita spp.,
441,Fazenda Futuro,11.0,19.0,Março,2020.0,A1,P4,9:51,24.0,94.0,Sol,Limão,Frutos,Coleoptera,Chrysomelidae,, Costalimaita spp.,
442,Fazenda Futuro,11.0,19.0,Março,2020.0,A1,P4,9:51,24.0,94.0,Sol,Limão,Frutos,Coleoptera,Curculionidae,,,
443,Fazenda Futuro,11.0,19.0,Março,2020.0,A1,P5,10:05,24.0,94.0,Nublado,Laranja,Frutos,Coleoptera,Chrysomelidae,, Costalimaita spp.,
444,Fazenda Futuro,11.0,19.0,Março,2020.0,A1,P5,10:05,24.0,94.0,Nublado,Laranja,Frutos,Coleoptera,Chrysomelidae,, Costalimaita spp.,
445,Fazenda Futuro,11.0,19.0,Março,2020.0,A1,P5,10:05,24.0,94.0,Nublado,Laranja,Frutos,Coleoptera,Chrysomelidae,, Costalimaita spp.,
446,Fazenda Futuro,11.0,19.0,Março,2020.0,A2,P1,10:13,24.0,94.0,Sol,Açaí,,Coleoptera,Coccinellidae,Microweiseinae,,
447,Fazenda Futuro,11.0,19.0,Março,2020.0,A2,P1,10:13,24.0,94.0,Sol,Açaí,,Coleoptera,Coccinellidae,Microweiseinae,,
448,Fazenda Futuro,11.0,19.0,Março,2020.0,A2,P1,10:13,24.0,94.0,Sol,Açaí,,Coleoptera,Cleridae,,,
449,Fazenda Futuro,11.0,19.0,Março,2020.0,A2,P1,10:13,24.0,94.0,Sol,Açaí,,Hemiptera,,Percevejo,,
450,Fazenda Futuro,11.0,19.0,Março,2020.0,A2,P1,10:13,24.0,94.0,Sol,Açaí,,Hemiptera,,Percevejo,,
451,Fazenda Futuro,11.0,19.0,Março,2020.0,A2,P2,10:20,24.0,94.0,Nublado,Caju,,Coleoptera,Lycidae,,,
452,Fazenda Futuro,11.0,19.0,Março,2020.0,A2,P2,10:20,24.0,94.0,Nublado,Caju,,Coleoptera,Chrysomelidae,, Costalimaita spp.,
453,Fazenda Futuro,11.0,19.0,Março,2020.0,A2,P2,10:20,24.0,94.0,Nublado,Caju,,Coleoptera,Chrysomelidae,,,
454,Fazenda Futuro,11.0,19.0,Março,2020.0,A2,P2,10:20,24.0,94.0,Nublado,Caju,,Hemiptera,,,,
455,Fazenda Futuro,11.0,19.0,Março,2020.0,A2,P3,10:25,24.0,94.0,Nublado,Açaí,,Coleoptera,Coccinellidae,Coccinellinae,,
456,Fazenda Futuro,11.0,19.0,Março,2020.0,A2,P3,10:25,24.0,94.0,Nublado,Açaí,,Hemiptera,,,,
457,Fazenda Futuro,11.0,19.0,Março,2020.0,A2,P4,10:31,24.0,94.0,Vento,Cupuaçu,,Coleoptera,Scarabaeidae,,,
458,Fazenda Futuro,11.0,19.0,Março,2020.0,A2,P5,10:40,24.0,94.0,Nublado,Açaí,,Sem Amostra,,,,
459,Fazenda Futuro,11.0,19.0,Março,2020.0,A3,P1,11:00,26.0,89.0,Sol,Banana,,Sem Amostra,,,,
460,Fazenda Futuro,11.0,19.0,Março,2020.0,A3,P2,11:05,26.0,89.0,Sol,Manga,,Ácaro**,,Ácaro**,,
461,Fazenda Futuro,11.0,19.0,Março,2020.0,A3,P2,11:05,26.0,89.0,Sol,Manga,,Coleoptera,Chrysomelidae,,,
462,Fazenda Futuro,11.0,19.0,Março,2020.0,A3,P3,11:11,26.0,89.0,Sol,Cacau,,Ácaro**,,Ácaro**,,
463,Fazenda Futuro,11.0,19.0,Março,2020.0,A3,P3,11:11,26.0,89.0,Sol,Cacau,,Hemiptera,,,,
464,Fazenda Futuro,11.0,19.0,Março,2020.0,A3,P4,11:16,26.0,89.0,Sol,Banana,,Sem Amostra,,,,
465,Fazenda Futuro,11.0,19.0,Março,2020.0,A3,P5,11:22,26.0,89.0,Sol,Manga,,Coleoptera,Chrysomelidae,,,
466,Fazenda Futuro,11.0,19.0,Março,2020.0,A3,P5,11:22,26.0,89.0,Sol,Manga,,Coleoptera,Chrysomelidae,,,
467,Fazenda Futuro,11.0,19.0,Março,2020.0,A3,P5,11:22,26.0,89.0,Sol,Manga,,Coleoptera,Chrysomelidae,,,
468,Fazenda Futuro,11.0,19.0,Março,2020.0,A3,P5,11:22,26.0,89.0,Sol,Manga,,Coleoptera,Coccinellidae,Microweiseinae,,
469,Fazenda Futuro,11.0,19.0,Março,2020.0,A3,P5,11:22,26.0,89.0,Sol,Manga,,Coleoptera,Coccinellidae,Microweiseinae,,
470,Fazenda Futuro,11.0,19.0,Março,2020.0,A4,P1,11:25,26.0,89.0,Sol,Açaí,,Sem Amostra,,,,
471,Fazenda Futuro,11.0,19.0,Março,2020.0,A4,P2,11:30,26.0,89.0,Nublado,Açaí,,Coleoptera,Cleridae,,,
472,Fazenda Futuro,11.0,19.0,Março,2020.0,A4,P3,11:35,26.0,89.0,Nublado,Açaí,,Coleoptera,Cleridae,,,
473,Fazenda Futuro,11.0,19.0,Março,2020.0,A4,P3,11:35,26.0,89.0,Nublado,Açaí,,Coleoptera,Cleridae,,,
474,Fazenda Futuro,11.0,19.0,Março,2020.0,A4,P4,11:40,26.0,89.0,Sol,Açaí,,Sem Amostra,,,,
475,Fazenda Futuro,11.0,19.0,Março,2020.0,A4,P5,11:45,26.0,89.0,Sol,Açaí,,Coleoptera,,,,
476,Fazenda Futuro,12.0,20.0,Março,2020.0,A1,P1,8:33,24.0,94.0,Nublado,Laranja,Frutos,Coleoptera,Scarabaeidae,,,
477,Fazenda Futuro,12.0,20.0,Março,2020.0,A1,P1,8:33,24.0,94.0,Nublado,Laranja,Frutos,Coleoptera,Chrysomelidae,,,Costalimaita ferruginea
478,Fazenda Futuro,12.0,20.0,Março,2020.0,A1,P1,8:33,24.0,94.0,Nublado,Laranja,Frutos,Coleoptera,Chrysomelidae,,,Costalimaita ferruginea
479,Fazenda Futuro,12.0,20.0,Março,2020.0,A1,P2,8:40,24.0,94.0,Vento,Laranja,Frutos,Coleoptera,Chrysomelidae,,,Costalimaita ferruginea
480,Fazenda Futuro,12.0,20.0,Março,2020.0,A1,P2,8:40,24.0,94.0,Vento,Laranja,Frutos,Coleoptera,Latridiidae,,Melanophthalma sp,
481,Fazenda Futuro,12.0,20.0,Março,2020.0,A1,P2,8:40,24.0,94.0,Vento,Laranja,Frutos,Coleoptera,Latridiidae,,Melanophthalma sp,
482,Fazenda Futuro,12.0,20.0,Março,2020.0,A1,P2,8:40,24.0,94.0,Vento,Laranja,Frutos,Mantodea,,Louva-a-Deus,,
483,Fazenda Futuro,12.0,20.0,Março,2020.0,A1,P3,8:51,24.0,94.0,Vento,Limão,Frutos,Coleoptera,Cleridae,,,
484,Fazenda Futuro,12.0,20.0,Março,2020.0,A1,P3,8:51,24.0,94.0,Vento,Limão,Frutos,Coleoptera,Coccinellidae,Coccinellinae,,
485,Fazenda Futuro,12.0,20.0,Março,2020.0,A1,P3,8:51,24.0,94.0,Vento,Limão,Frutos,Coleoptera,Curculionidae,,,
486,Fazenda Futuro,12.0,20.0,Março,2020.0,A1,P3,8:51,24.0,94.0,Vento,Limão,Frutos,Restos Mortais*,,,,
487,Fazenda Futuro,12.0,20.0,Março,2020.0,A1,P3,8:51,24.0,94.0,Vento,Limão,Frutos,Restos Mortais*,,,,
488,Fazenda Futuro,12.0,20.0,Março,2020.0,A1,P4,9:04,24.0,94.0,Nublado,Limão,Frutos,Coleoptera,Chrysomelidae,, Costalimaita spp.,
489,Fazenda Futuro,12.0,20.0,Março,2020.0,A1,P4,9:04,24.0,94.0,Nublado,Limão,Frutos,Coleoptera,Chrysomelidae,, Costalimaita spp.,
490,Fazenda Futuro,12.0,20.0,Março,2020.0,A1,P4,9:04,24.0,94.0,Nublado,Limão,Frutos,Coleoptera,Chrysomelidae,, Costalimaita spp.,
491,Fazenda Futuro,12.0,20.0,Março,2020.0,A1,P4,9:04,24.0,94.0,Nublado,Limão,Frutos,Coleoptera,Chrysomelidae,, Costalimaita spp.,
492,Fazenda Futuro,12.0,20.0,Março,2020.0,A1,P4,9:04,24.0,94.0,Nublado,Limão,Frutos,Coleoptera,Curculionidae,,,
493,Fazenda Futuro,12.0,20.0,Março,2020.0,A1,P4,9:04,24.0,94.0,Nublado,Limão,Frutos,Coleoptera,Chrysomelidae,, Costalimaita spp.,
494,Fazenda Futuro,12.0,20.0,Março,2020.0,A1,P4,9:04,24.0,94.0,Nublado,Limão,Frutos,Coleoptera,Chrysomelidae,, Costalimaita spp.,
495,Fazenda Futuro,12.0,20.0,Março,2020.0,A1,P4,9:04,24.0,94.0,Nublado,Limão,Frutos,Hemiptera**,,,,
496,Fazenda Futuro,12.0,20.0,Março,2020.0,A1,P4,9:04,24.0,94.0,Nublado,Limão,Frutos,Hemiptera**,,,,
497,Fazenda Futuro,12.0,20.0,Março,2020.0,A1,P5,9:12,24.0,94.0,Nublado,Laranja,Frutos,Coleoptera,Coccinellidae,Microweiseinae,,
498,Fazenda Futuro,12.0,20.0,Março,2020.0,A1,P5,9:12,24.0,94.0,Nublado,Laranja,Frutos,Coleoptera,Chrysomelidae,, Costalimaita spp.,
499,Fazenda Futuro,12.0,20.0,Março,2020.0,A1,P5,9:12,24.0,94.0,Nublado,Laranja,Frutos,Coleoptera,Chrysomelidae,, Costalimaita spp.,
500,Fazenda Futuro,12.0,20.0,Março,2020.0,A2,P1,9:25,24.0,94.0,Nublado,Açaí,,Sem Amostra,,,,
501,Fazenda Futuro,12.0,20.0,Março,2020.0,A2,P2,9:34,24.0,94.0,Nublado,Caju,,Coleoptera,Coccinellidae,Coccinellinae,,
502,Fazenda Futuro,12.0,20.0,Março,2020.0,A2,P2,9:34,24.0,94.0,Nublado,Caju,,Coleoptera,Curculionidae,,,
503,Fazenda Futuro,12.0,20.0,Março,2020.0,A2,P3,9:42,24.0,94.0,Nublado,Açaí,,Coleoptera,Coccinellidae,Coccinellinae,,
504,Fazenda Futuro,12.0,20.0,Março,2020.0,A2,P3,9:42,24.0,94.0,Nublado,Açaí,,Hemiptera,Scutelleridae,,,
505,Fazenda Futuro,12.0,20.0,Março,2020.0,A2,P3,9:42,24.0,94.0,Nublado,Açaí,,Coleoptera,Chrysomelidae,,,
506,Fazenda Futuro,12.0,20.0,Março,2020.0,A2,P3,9:42,24.0,94.0,Nublado,Açaí,,Coleoptera,Chrysomelidae,,,
507,Fazenda Futuro,12.0,20.0,Março,2020.0,A2,P3,9:42,24.0,94.0,Nublado,Açaí,,Coleoptera,Chrysomelidae,,,
508,Fazenda Futuro,12.0,20.0,Março,2020.0,A2,P3,9:42,24.0,94.0,Nublado,Açaí,,Coleoptera,Chrysomelidae,,,
509,Fazenda Futuro,12.0,20.0,Março,2020.0,A2,P3,9:42,24.0,94.0,Nublado,Açaí,,Coleoptera,Chrysomelidae,,,
510,Fazenda Futuro,12.0,20.0,Março,2020.0,A2,P3,9:42,24.0,94.0,Nublado,Açaí,,Coleoptera,Chrysomelidae,,,
511,Fazenda Futuro,12.0,20.0,Março,2020.0,A2,P3,9:42,24.0,94.0,Nublado,Açaí,,Coleoptera,Chrysomelidae,,Diabrotica sp.,
512,Fazenda Futuro,12.0,20.0,Março,2020.0,A2,P4,9:46,24.0,94.0,Vento,Cupuaçu,,Sem Amostra,,,,
513,Fazenda Futuro,12.0,20.0,Março,2020.0,A2,P5,9:51,24.0,94.0,Nublado,Açaí,Flores e Frutos,Coleoptera,Curculionidae,,,
514,Fazenda Futuro,12.0,20.0,Março,2020.0,A2,P5,9:51,24.0,94.0,Nublado,Açaí,Flores e Frutos,Coleoptera,Chrysomelidae,, Costalimaita spp.,
515,Fazenda Futuro,12.0,20.0,Março,2020.0,A2,P5,9:51,24.0,94.0,Nublado,Açaí,Flores e Frutos,Coleoptera,Chrysomelidae,, Costalimaita spp.,
516,Fazenda Futuro,12.0,20.0,Março,2020.0,A2,P5,9:51,24.0,94.0,Nublado,Açaí,Flores e Frutos,Coleoptera,Chrysomelidae,, Costalimaita spp.,
517,Fazenda Futuro,12.0,20.0,Março,2020.0,A2,P5,9:51,24.0,94.0,Nublado,Açaí,Flores e Frutos,Coleoptera,Chrysomelidae,, Costalimaita spp.,
518,Fazenda Futuro,12.0,20.0,Março,2020.0,A2,P5,9:51,24.0,94.0,Nublado,Açaí,Flores e Frutos,Coleoptera,Chrysomelidae,, Costalimaita spp.,
519,Fazenda Futuro,12.0,20.0,Março,2020.0,A3,P1,9:57,24.0,94.0,Nublado,Banana,,Coleoptera,Curculionidae,,,
520,Fazenda Futuro,12.0,20.0,Março,2020.0,A3,P2,10:02,24.0,94.0,Vento,Manga,,Sem Amostra,,,,
521,Fazenda Futuro,12.0,20.0,Março,2020.0,A3,P3,10:06,24.0,94.0,Nublado,Cacau,Frutos,Coleoptera,Coccinellidae,Microweiseinae,,
522,Fazenda Futuro,12.0,20.0,Março,2020.0,A3,P4,10:13,24.0,94.0,Vento,Banana,Flores e Frutos,Coleoptera,Coccinellidae,Microweiseinae,,
523,Fazenda Futuro,12.0,20.0,Março,2020.0,A3,P4,10:13,24.0,94.0,Vento,Banana,Flores e Frutos,Coleoptera,Coccinellidae,Microweiseinae,,
524,Fazenda Futuro,12.0,20.0,Março,2020.0,A3,P5,10:18,24.0,94.0,Nublado,Manga,,Coleoptera,Chrysomelidae,,,
525,Fazenda Futuro,12.0,20.0,Março,2020.0,A3,P5,10:18,24.0,94.0,Nublado,Manga,,Coleoptera,Chrysomelidae,,,
526,Fazenda Futuro,12.0,20.0,Março,2020.0,A4,P1,10:25,24.0,94.0,Vento,Açaí,,Sem Amostra,,,,
527,Fazenda Futuro,12.0,20.0,Março,2020.0,A4,P2,10:28,24.0,94.0,Vento,Açaí,,Sem Amostra,,,,
528,Fazenda Futuro,12.0,20.0,Março,2020.0,A4,P3,10:33,24.0,94.0,Vento,Açaí,,Sem Amostra,,,,
529,Fazenda Futuro,12.0,20.0,Março,2020.0,A4,P4,10:39,24.0,94.0,Vento,Açaí,,Sem Amostra,,,,
530,Fazenda Futuro,12.0,20.0,Março,2020.0,A4,P5,10:45,24.0,94.0,Vento,Açaí,,Sem Amostra,,,,
531,Fazenda Futuro,13.0,15.0,Abril,2020.0,A1,P1,,,,Chuvoso,Laranja,,Sem Amostra,,,,
532,Fazenda Futuro,13.0,15.0,Abril,2020.0,A1,P2,,,,Chuvoso,Laranja,,Sem Amostra,,,,
533,Fazenda Futuro,13.0,15.0,Abril,2020.0,A1,P3,,,,Chuvoso,Limão,,Sem Amostra,,,,
534,Fazenda Futuro,13.0,15.0,Abril,2020.0,A1,P4,,,,Chuvoso,Limão,,Sem Amostra,,,,
535,Fazenda Futuro,13.0,15.0,Abril,2020.0,A1,P5,,,,Chuvoso,Laranja,,Sem Amostra,,,,
536,Fazenda Futuro,13.0,15.0,Abril,2020.0,A2,P1,,,,Chuvoso,Açaí,,Sem Amostra,,,,
537,Fazenda Futuro,13.0,15.0,Abril,2020.0,A2,P2,,,,Chuvoso,Caju,,Sem Amostra,,,,
538,Fazenda Futuro,13.0,15.0,Abril,2020.0,A2,P3,,,,Chuvoso,Açaí,,Sem Amostra,,,,
539,Fazenda Futuro,13.0,15.0,Abril,2020.0,A2,P4,,,,Chuvoso,Cupuaçu,,Sem Amostra,,,,
540,Fazenda Futuro,13.0,15.0,Abril,2020.0,A2,P5,,,,Chuvoso,Açaí,,Sem Amostra,,,,
541,Fazenda Futuro,13.0,15.0,Abril,2020.0,A3,P1,,,,Chuvoso,Banana,,Sem Amostra,,,,
542,Fazenda Futuro,13.0,15.0,Abril,2020.0,A3,P2,,,,Chuvoso,Manga,,Sem Amostra,,,,
543,Fazenda Futuro,13.0,15.0,Abril,2020.0,A3,P3,,,,Chuvoso,Cacau,,Sem Amostra,,,,
544,Fazenda Futuro,13.0,15.0,Abril,2020.0,A3,P4,,,,Chuvoso,Banana,,Sem Amostra,,,,
545,Fazenda Futuro,13.0,15.0,Abril,2020.0,A3,P5,,,,Chuvoso,Manga,,Sem Amostra,,,,
546,Fazenda Futuro,13.0,15.0,Abril,2020.0,A4,P1,,,,Chuvoso,Açaí,,Sem Amostra,,,,
547,Fazenda Futuro,13.0,15.0,Abril,2020.0,A4,P2,,,,Chuvoso,Açaí,,Sem Amostra,,,,
548,Fazenda Futuro,13.0,15.0,Abril,2020.0,A4,P3,,,,Chuvoso,Açaí,,Sem Amostra,,,,
549,Fazenda Futuro,13.0,15.0,Abril,2020.0,A4,P4,,,,Chuvoso,Açaí,,Sem Amostra,,,,
550,Fazenda Futuro,13.0,15.0,Abril,2020.0,A4,P5,,,,Chuvoso,Açaí,,Sem Amostra,,,,
551,Fazenda Futuro,14.0,16.0,Abril,2020.0,A1,P1,11:13,27.0,79.0,Sol,Laranja,Frutos,Coleoptera,Chrysomelidae,,,
552,Fazenda Futuro,14.0,16.0,Abril,2020.0,A1,P1,11:13,27.0,79.0,Sol,Laranja,Frutos,Coleoptera,Chrysomelidae,,,
553,Fazenda Futuro,14.0,16.0,Abril,2020.0,A1,P1,11:13,27.0,79.0,Sol,Laranja,Frutos,Hyminoptera,,Formiga,,
554,Fazenda Futuro,14.0,16.0,Abril,2020.0,A1,P1,11:13,27.0,79.0,Sol,Laranja,Frutos,Hyminoptera,,Formiga,,
555,Fazenda Futuro,14.0,16.0,Abril,2020.0,A1,P1,11:13,27.0,79.0,Sol,Laranja,Frutos,Hyminoptera,,Formiga,,
556,Fazenda Futuro,14.0,16.0,Abril,2020.0,A1,P1,11:13,27.0,79.0,Sol,Laranja,Frutos,Hemiptera,,,,
557,Fazenda Futuro,14.0,16.0,Abril,2020.0,A1,P2,11:24,27.0,79.0,Sol,Laranja,Frutos,Ácaro,,Ácaro,,
558,Fazenda Futuro,14.0,16.0,Abril,2020.0,A1,P2,11:24,27.0,79.0,Sol,Laranja,Frutos,Ácaro,,Ácaro,,
559,Fazenda Futuro,14.0,16.0,Abril,2020.0,A1,P2,11:24,27.0,79.0,Sol,Laranja,Frutos,Ácaro,,Ácaro,,
560,Fazenda Futuro,14.0,16.0,Abril,2020.0,A1,P2,11:24,27.0,79.0,Sol,Laranja,Frutos,Ácaro,,Ácaro,,
561,Fazenda Futuro,14.0,16.0,Abril,2020.0,A1,P2,11:24,27.0,79.0,Sol,Laranja,Frutos,Ácaro,,Ácaro,,
562,Fazenda Futuro,14.0,16.0,Abril,2020.0,A1,P2,11:24,27.0,79.0,Sol,Laranja,Frutos,Ácaro,,Ácaro,,
563,Fazenda Futuro,14.0,16.0,Abril,2020.0,A1,P2,11:24,27.0,79.0,Sol,Laranja,Frutos,Ácaro,,Ácaro,,
564,Fazenda Futuro,14.0,16.0,Abril,2020.0,A1,P2,11:24,27.0,79.0,Sol,Laranja,Frutos,Ácaro,,Ácaro,,
565,Fazenda Futuro,14.0,16.0,Abril,2020.0,A1,P2,11:24,27.0,79.0,Sol,Laranja,Frutos,Ácaro,,Ácaro,,
566,Fazenda Futuro,14.0,16.0,Abril,2020.0,A1,P2,11:24,27.0,79.0,Sol,Laranja,Frutos,Coleoptera,Lampyridae,,,
567,Fazenda Futuro,14.0,16.0,Abril,2020.0,A1,P2,11:24,27.0,79.0,Sol,Laranja,Frutos,Coleoptera,Chrysomelidae,,,
568,Fazenda Futuro,14.0,16.0,Abril,2020.0,A1,P2,11:24,27.0,79.0,Sol,Laranja,Frutos,Coleoptera,Chrysomelidae,,,
569,Fazenda Futuro,14.0,16.0,Abril,2020.0,A1,P2,11:24,27.0,79.0,Sol,Laranja,Frutos,Hyminoptera,,Formiga,,
570,Fazenda Futuro,14.0,16.0,Abril,2020.0,A1,P2,11:24,27.0,79.0,Sol,Laranja,Frutos,Hyminoptera,,Formiga,,
571,Fazenda Futuro,14.0,16.0,Abril,2020.0,A1,P2,11:24,27.0,79.0,Sol,Laranja,Frutos,Hyminoptera,,Formiga,,
572,Fazenda Futuro,14.0,16.0,Abril,2020.0,A1,P2,11:24,27.0,79.0,Sol,Laranja,Frutos,Hyminoptera,,Formiga,,
573,Fazenda Futuro,14.0,16.0,Abril,2020.0,A1,P3,11:42,27.0,94.0,Sol,Limão,Frutos,Blatodea,,,,
574,Fazenda Futuro,14.0,16.0,Abril,2020.0,A1,P3,11:42,27.0,94.0,Sol,Limão,Frutos,Coleoptera,Coccinellidae,Microweiseinae,,
575,Fazenda Futuro,14.0,16.0,Abril,2020.0,A1,P3,11:42,27.0,94.0,Sol,Limão,Frutos,Coleoptera,Cerambycidae,Cerambycinae,,
576,Fazenda Futuro,14.0,16.0,Abril,2020.0,A1,P3,11:42,27.0,94.0,Sol,Limão,Frutos,Coleoptera,Curculionidae,,,
577,Fazenda Futuro,14.0,16.0,Abril,2020.0,A1,P3,11:42,27.0,94.0,Sol,Limão,Frutos,Coleoptera,Coccinellidae,Coccinellinae,,
578,Fazenda Futuro,14.0,16.0,Abril,2020.0,A1,P3,11:42,27.0,94.0,Sol,Limão,Frutos,Coleoptera,Curculionidae,,,
579,Fazenda Futuro,14.0,16.0,Abril,2020.0,A1,P3,11:42,27.0,94.0,Sol,Limão,Frutos,Coleoptera,Chrysomelidae,,,
580,Fazenda Futuro,14.0,16.0,Abril,2020.0,A1,P3,11:42,27.0,94.0,Sol,Limão,Frutos,Coleoptera,Chrysomelidae,,,
581,Fazenda Futuro,14.0,16.0,Abril,2020.0,A1,P3,11:42,27.0,94.0,Sol,Limão,Frutos,Hyminoptera,,,,
582,Fazenda Futuro,14.0,16.0,Abril,2020.0,A1,P4,11:58,27.0,94.0,Sol,Limão,Frutos,Ácaro,,Ácaro,,
583,Fazenda Futuro,14.0,16.0,Abril,2020.0,A1,P4,11:58,27.0,94.0,Sol,Limão,Frutos,Hemiptera,Scutelleridae,,,
584,Fazenda Futuro,14.0,16.0,Abril,2020.0,A1,P4,11:58,27.0,94.0,Sol,Limão,Frutos,Coleoptera,Chrysomelidae,,,
585,Fazenda Futuro,14.0,16.0,Abril,2020.0,A1,P4,11:58,27.0,94.0,Sol,Limão,Frutos,Coleoptera,Chrysomelidae,,,
586,Fazenda Futuro,14.0,16.0,Abril,2020.0,A1,P4,11:58,27.0,94.0,Sol,Limão,Frutos,Coleoptera,Chrysomelidae,,,
587,Fazenda Futuro,14.0,16.0,Abril,2020.0,A1,P4,11:58,27.0,94.0,Sol,Limão,Frutos,Hemiptera,,Percevejo,,
588,Fazenda Futuro,14.0,16.0,Abril,2020.0,A1,P4,11:58,27.0,94.0,Sol,Limão,Frutos,Hemiptera**,,,,
589,Fazenda Futuro,14.0,16.0,Abril,2020.0,A1,P4,11:58,27.0,94.0,Sol,Limão,Frutos,Orthoptera,,,,
590,Fazenda Futuro,14.0,16.0,Abril,2020.0,A1,P5,12:06,27.0,94.0,Sol,Laranja,Frutos,Ácaro,,Ácaro,,
591,Fazenda Futuro,14.0,16.0,Abril,2020.0,A1,P5,12:06,27.0,94.0,Sol,Laranja,Frutos,Ácaro,,Ácaro,,
592,Fazenda Futuro,14.0,16.0,Abril,2020.0,A1,P5,12:06,27.0,94.0,Sol,Laranja,Frutos,Ácaro,,Ácaro,,
593,Fazenda Futuro,14.0,16.0,Abril,2020.0,A1,P5,12:06,27.0,94.0,Sol,Laranja,Frutos,Coleoptera,Latridiidae,,,
594,Fazenda Futuro,14.0,16.0,Abril,2020.0,A1,P5,12:06,27.0,94.0,Sol,Laranja,Frutos,Coleoptera,Latridiidae,,,
595,Fazenda Futuro,14.0,16.0,Abril,2020.0,A1,P5,12:06,27.0,94.0,Sol,Laranja,Frutos,Coleoptera,Latridiidae,,,
596,Fazenda Futuro,14.0,16.0,Abril,2020.0,A1,P5,12:06,27.0,94.0,Sol,Laranja,Frutos,Coleoptera,Chrysomelidae,,,
597,Fazenda Futuro,14.0,16.0,Abril,2020.0,A1,P5,12:06,27.0,94.0,Sol,Laranja,Frutos,Coleoptera,Chrysomelidae,,,
598,Fazenda Futuro,14.0,16.0,Abril,2020.0,A1,P5,12:06,27.0,94.0,Sol,Laranja,Frutos,Coleoptera,Chrysomelidae,,,
599,Fazenda Futuro,14.0,16.0,Abril,2020.0,A1,P5,12:06,27.0,94.0,Sol,Laranja,Frutos,Restos Mortais*,,,,
600,Fazenda Futuro,14.0,16.0,Abril,2020.0,A1,P5,12:06,27.0,94.0,Sol,Laranja,Frutos,Restos Mortais*,,,,
601,Fazenda Futuro,14.0,16.0,Abril,2020.0,A1,P5,12:06,27.0,94.0,Sol,Laranja,Frutos,Restos Mortais*,,,,
602,Fazenda Futuro,14.0,16.0,Abril,2020.0,A2,P1,13:03,27.0,79.0,Sol,Açaí,,Coleoptera,Scarabaeidae,,,
603,Fazenda Futuro,14.0,16.0,Abril,2020.0,A2,P1,13:03,27.0,79.0,Sol,Açaí,,Coleoptera,Cleridae,,,
604,Fazenda Futuro,14.0,16.0,Abril,2020.0,A2,P1,13:03,27.0,79.0,Sol,Açaí,,Coleoptera,Cleridae,,,
605,Fazenda Futuro,14.0,16.0,Abril,2020.0,A2,P1,13:03,27.0,79.0,Sol,Açaí,,Coleoptera,Cleridae,,,
606,Fazenda Futuro,14.0,16.0,Abril,2020.0,A2,P1,13:03,27.0,79.0,Sol,Açaí,,Coleoptera,Cleridae,,,
607,Fazenda Futuro,14.0,16.0,Abril,2020.0,A2,P1,13:03,27.0,79.0,Sol,Açaí,,Coleoptera,Coccinellidae,Microweiseinae,,
608,Fazenda Futuro,14.0,16.0,Abril,2020.0,A2,P1,13:03,27.0,79.0,Sol,Açaí,,Coleoptera,Coccinellidae,Microweiseinae,,
609,Fazenda Futuro,14.0,16.0,Abril,2020.0,A2,P1,13:03,27.0,79.0,Sol,Açaí,,Coleoptera,Coccinellidae,Microweiseinae,,
610,Fazenda Futuro,14.0,16.0,Abril,2020.0,A2,P1,13:03,27.0,79.0,Sol,Açaí,,Coleoptera,Coccinellidae,Microweiseinae,,
611,Fazenda Futuro,14.0,16.0,Abril,2020.0,A2,P1,13:03,27.0,79.0,Sol,Açaí,,Coleoptera,Coccinellidae,Microweiseinae,,
612,Fazenda Futuro,14.0,16.0,Abril,2020.0,A2,P1,13:03,27.0,79.0,Sol,Açaí,,Coleoptera,Coccinellidae,Microweiseinae,,
613,Fazenda Futuro,14.0,16.0,Abril,2020.0,A2,P1,13:03,27.0,79.0,Sol,Açaí,,Coleoptera,Coccinellidae,Microweiseinae,,
614,Fazenda Futuro,14.0,16.0,Abril,2020.0,A2,P1,13:03,27.0,79.0,Sol,Açaí,,Hyminoptera,,Formiga,,
615,Fazenda Futuro,14.0,16.0,Abril,2020.0,A2,P2,13:06,27.0,79.0,Sol,Caju,,Sem Amostra,,,,
616,Fazenda Futuro,14.0,16.0,Abril,2020.0,A2,P3,13:10,27.0,79.0,Sol,Açaí,,Coleoptera,Coccinellidae,Microweiseinae,,
617,Fazenda Futuro,14.0,16.0,Abril,2020.0,A2,P4,13:13,27.0,79.0,Sol,Cupuaçu,,Sem Amostra,,,,
618,Fazenda Futuro,14.0,16.0,Abril,2020.0,A2,P5,13:16,27.0,79.0,Sol,Açaí,Flores e Frutos,Coleoptera,Chrysomelidae,,,
619,Fazenda Futuro,14.0,16.0,Abril,2020.0,A2,P5,14:16,27.0,79.0,Sol,Açaí,Flores e Frutos,Coleoptera,Chrysomelidae,,,
620,Fazenda Futuro,14.0,16.0,Abril,2020.0,A2,P5,15:16,27.0,79.0,Sol,Açaí,Flores e Frutos,Coleoptera,Coccinellidae,Coccinellinae,,
621,Fazenda Futuro,14.0,16.0,Abril,2020.0,A3,P1,13:20,27.0,79.0,Sol,Banana,,Sem Amostra,,,,
622,Fazenda Futuro,14.0,16.0,Abril,2020.0,A3,P2,13:24,27.0,79.0,Sol,Manga,,Coleoptera,Chrysomelidae,,,
623,Fazenda Futuro,14.0,16.0,Abril,2020.0,A3,P3,13:31,27.0,79.0,Sol,Cacau,Flores e Frutos,Sem Amostra,,,,
624,Fazenda Futuro,14.0,16.0,Abril,2020.0,A3,P4,13:35,27.0,79.0,Sol,Banana,Frutos,Sem Amostra,,,,
625,Fazenda Futuro,14.0,16.0,Abril,2020.0,A3,P5,13:39,27.0,79.0,Sol,Manga,,Coleoptera,Chrysomelidae,,,
626,Fazenda Futuro,14.0,16.0,Abril,2020.0,A3,P5,13:39,27.0,79.0,Sol,Manga,,Coleoptera,Coccinellidae,Microweiseinae,,
627,Fazenda Futuro,14.0,16.0,Abril,2020.0,A3,P5,13:39,27.0,79.0,Sol,Manga,,Coleoptera,Coccinellidae,Coccinellinae,,
628,Fazenda Futuro,14.0,16.0,Abril,2020.0,A3,P5,13:39,27.0,79.0,Sol,Manga,,Hyminoptera,,Formiga,,
629,Fazenda Futuro,14.0,16.0,Abril,2020.0,A3,P5,13:39,27.0,79.0,Sol,Manga,,Hyminoptera,,Formiga,,
630,Fazenda Futuro,14.0,16.0,Abril,2020.0,A3,P5,13:39,27.0,79.0,Sol,Manga,,Hyminoptera,,Formiga,,
631,Fazenda Futuro,14.0,16.0,Abril,2020.0,A4,P1,13:42,27.0,79.0,Sol,Açaí,,Coleoptera,Coccinellidae,Microweiseinae,,
632,Fazenda Futuro,14.0,16.0,Abril,2020.0,A4,P1,13:42,27.0,79.0,Sol,Açaí,,Coleoptera,Coccinellidae,Microweiseinae,,
633,Fazenda Futuro,14.0,16.0,Abril,2020.0,A4,P2,13:45,27.0,79.0,Sol,Açaí,,Sem Amostra,,,,
634,Fazenda Futuro,14.0,16.0,Abril,2020.0,A4,P3,13:48,29.0,79.0,Sol,Açaí,Flores,Coleoptera,Lampyridae,,,
635,Fazenda Futuro,14.0,16.0,Abril,2020.0,A4,P4,13:52,29.0,79.0,Sol,Açaí,,Coleoptera,Coccinellidae,Coccinellinae,,
636,Fazenda Futuro,14.0,16.0,Abril,2020.0,A4,P5,13:58,27.0,79.0,Sol,Açaí,,Sem Amostra,,,,
637,Fazenda Futuro,15.0,17.0,Abril,2020.0,A1,P1,9:42,25.0,94.0,Vento,Laranja,Frutos,Hymenoptera,Formicidae,,,
638,Fazenda Futuro,15.0,17.0,Abril,2020.0,A1,P1,9:42,25.0,94.0,Vento,Laranja,Frutos,Hyminoptera,,,,
639,Fazenda Futuro,15.0,17.0,Abril,2020.0,A1,P1,9:42,25.0,94.0,Vento,Laranja,Frutos,Hyminoptera,,,,
640,Fazenda Futuro,15.0,17.0,Abril,2020.0,A1,P2,9:57,25.0,94.0,Sol,Laranja,Frutos,Ácaro**,,Ácaro**,,
641,Fazenda Futuro,15.0,17.0,Abril,2020.0,A1,P2,9:57,25.0,94.0,Sol,Laranja,Frutos,Coleoptera,Coccinellidae,Coccinellinae,,
642,Fazenda Futuro,15.0,17.0,Abril,2020.0,A1,P2,9:57,25.0,94.0,Sol,Laranja,Frutos,Diptera,,,,
643,Fazenda Futuro,15.0,17.0,Abril,2020.0,A1,P2,9:57,25.0,94.0,Sol,Laranja,Frutos,Diptera,,,,
644,Fazenda Futuro,15.0,17.0,Abril,2020.0,A1,P2,9:57,25.0,94.0,Sol,Laranja,Frutos,Hyminoptera,,,,
645,Fazenda Futuro,15.0,17.0,Abril,2020.0,A1,P3,10:11,25.0,94.0,Sol,Limão,Frutos,Ácaro**,,Ácaro**,,
646,Fazenda Futuro,15.0,17.0,Abril,2020.0,A1,P3,10:11,25.0,94.0,Sol,Limão,Frutos,Blatodea,,,,
647,Fazenda Futuro,15.0,17.0,Abril,2020.0,A1,P3,10:11,25.0,94.0,Sol,Limão,Frutos,Coleoptera,Chrysomelidae,, Costalimaita spp.,
648,Fazenda Futuro,15.0,17.0,Abril,2020.0,A1,P3,10:11,25.0,94.0,Sol,Limão,Frutos,Coleoptera,Chrysomelidae,, Costalimaita spp.,
649,Fazenda Futuro,15.0,17.0,Abril,2020.0,A1,P3,10:11,25.0,94.0,Sol,Limão,Frutos,Coleoptera,Coccinellidae,Coccinellinae,,
650,Fazenda Futuro,15.0,17.0,Abril,2020.0,A1,P3,10:11,25.0,94.0,Sol,Limão,Frutos,Diptera,,,,
651,Fazenda Futuro,15.0,17.0,Abril,2020.0,A1,P4,10:25,25.0,94.0,Sol,Limão,Frutos,Coleoptera,Chrysomelidae,,,
652,Fazenda Futuro,15.0,17.0,Abril,2020.0,A1,P5,10:36,25.0,94.0,Sol,Laranja,Frutos,Ácaro**,,Ácaro**,,
653,Fazenda Futuro,15.0,17.0,Abril,2020.0,A1,P5,10:36,25.0,94.0,Sol,Laranja,Frutos,Ácaro**,,Ácaro**,,
654,Fazenda Futuro,15.0,17.0,Abril,2020.0,A1,P5,10:36,25.0,94.0,Sol,Laranja,Frutos,Coleoptera,Chrysomelidae,,,
655,Fazenda Futuro,15.0,17.0,Abril,2020.0,A1,P5,10:36,25.0,94.0,Sol,Laranja,Frutos,Coleoptera,Chrysomelidae,,,
656,Fazenda Futuro,15.0,17.0,Abril,2020.0,A1,P5,10:36,25.0,94.0,Sol,Laranja,Frutos,Coleoptera,Chrysomelidae,,,
657,Fazenda Futuro,15.0,17.0,Abril,2020.0,A1,P5,10:36,25.0,94.0,Sol,Laranja,Frutos,Coleoptera,Latridiidae,,,
658,Fazenda Futuro,15.0,17.0,Abril,2020.0,A1,P5,10:36,25.0,94.0,Sol,Laranja,Frutos,Hyminoptera,,,,
659,Fazenda Futuro,15.0,17.0,Abril,2020.0,A1,P5,10:36,25.0,94.0,Sol,Laranja,Frutos,Hyminoptera,,,,
660,Fazenda Futuro,15.0,17.0,Abril,2020.0,A1,P5,10:36,25.0,94.0,Sol,Laranja,Frutos,Hyminoptera,,,,
661,Fazenda Futuro,15.0,17.0,Abril,2020.0,A2,P1,11:34,29.0,66.0,Sol,Açaí,,Sem Amostra,,,,
662,Fazenda Futuro,15.0,17.0,Abril,2020.0,A2,P2,11:39,29.0,66.0,Sol,Caju,,Sem Amostra,,,,
663,Fazenda Futuro,15.0,17.0,Abril,2020.0,A2,P3,11:46,29.0,66.0,Sol,Açaí,Flores,Coleoptera,Scarabaeidae,,,
664,Fazenda Futuro,15.0,17.0,Abril,2020.0,A2,P3,11:46,29.0,66.0,Sol,Açaí,Flores,Coleoptera,Coccinellidae,Microweiseinae,,
665,Fazenda Futuro,15.0,17.0,Abril,2020.0,A2,P3,11:46,29.0,66.0,Sol,Açaí,Flores,Coleoptera,Coccinellidae,Microweiseinae,,
666,Fazenda Futuro,15.0,17.0,Abril,2020.0,A2,P3,11:46,29.0,66.0,Sol,Açaí,Flores,Coleoptera,,,,
667,Fazenda Futuro,15.0,17.0,Abril,2020.0,A2,P4,11:50,29.0,66.0,Sol,Cupuaçu,,Sem Amostra,,,,
668,Fazenda Futuro,15.0,17.0,Abril,2020.0,A2,P5,11:54,29.0,66.0,Sol,Açaí,,Sem Amostra,,,,
669,Fazenda Futuro,15.0,17.0,Abril,2020.0,A3,P1,11:59,29.0,66.0,Sol,Banana,,Sem Amostra,,,,
670,Fazenda Futuro,15.0,17.0,Abril,2020.0,A3,P2,12:04,29.0,66.0,Sol,Manga,,Sem Amostra,,,,
671,Fazenda Futuro,15.0,17.0,Abril,2020.0,A3,P3,12:07,29.0,66.0,Sol,Cacau,Flores e Frutos,Coleoptera,Curculionidae,,,
672,Fazenda Futuro,15.0,17.0,Abril,2020.0,A3,P4,12:12,29.0,66.0,Sol,Banana,Frutos,Sem Amostra,,,,
673,Fazenda Futuro,15.0,17.0,Abril,2020.0,A3,P5,12:20,29.0,66.0,Sol,Manga,,Coleoptera,Chrysomelidae,,,
674,Fazenda Futuro,15.0,17.0,Abril,2020.0,A3,P5,12:20,29.0,66.0,Sol,Manga,,Coleoptera,Coccinellidae,Microweiseinae,,
675,Fazenda Futuro,15.0,17.0,Abril,2020.0,A3,P5,12:20,29.0,66.0,Sol,Manga,,Coleoptera,Coccinellidae,Microweiseinae,,
676,Fazenda Futuro,15.0,17.0,Abril,2020.0,A3,P5,12:20,29.0,66.0,Sol,Manga,,Hyminoptera,,,,
677,Fazenda Futuro,15.0,17.0,Abril,2020.0,A3,P5,12:20,29.0,66.0,Sol,Manga,,Hyminoptera,,,,
678,Fazenda Futuro,15.0,17.0,Abril,2020.0,A4,P1,12:20,29.0,66.0,Sol,Açaí,,Sem Amostra,,,,
679,Fazenda Futuro,15.0,17.0,Abril,2020.0,A4,P2,12:24,29.0,66.0,Sol,Açaí,,Sem Amostra,,,,
680,Fazenda Futuro,15.0,17.0,Abril,2020.0,A4,P3,12:28,29.0,66.0,Sol,Açaí,,Sem Amostra,,,,
681,Fazenda Futuro,15.0,17.0,Abril,2020.0,A4,P4,12:30,29.0,66.0,Sol,Açaí,Flores,Sem Amostra,,,,
682,Fazenda Futuro,15.0,17.0,Abril,2020.0,A4,P5,12:34,29.0,66.0,Vento,Açaí,,Coleoptera,Latridiidae,,,
683,Fazenda Futuro,15.0,17.0,Abril,2020.0,A4,P5,12:34,29.0,66.0,Vento,Açaí,,Coleoptera,Lampyridae,,,
684,Fazenda Futuro,15.0,17.0,Abril,2020.0,A4,P5,12:34,29.0,66.0,Vento,Açaí,,Coleoptera,Cleridae,,,
685,Fazenda Futuro,1.0,18.0,Dezembro,2019.0,A2,P1,12:26,24.0,94.0,Nublado ,Açaí,Frutos,Coleoptera,Chrysomelidae,,,
686,Fazenda Futuro,1.0,18.0,Dezembro,2019.0,A2,P5,12:26,24.0,94.0,Nublado ,Açaí,Frutos,Coleoptera,Cleridae,,,
687,,,,,,,,,,,,,"LEGENDA: "" ** "" - Dificuldade na identificação.",,,,,
688,Fazenda Futuro,10.0,18.0,Março,2020.0,A1,P1,9:34,28.0,79.0,Sol,Laranja,Frutos (maturação),Coleoptera,Chrysomelidae,,,Costalimaita ferruginea
689,Fazenda Futuro,10.0,18.0,Março,2020.0,A1,P1,9:34,28.0,79.0,Sol,Laranja,Frutos (maturação),Coleoptera,Chrysomelidae,,,Costalimaita ferruginea
690,Fazenda Futuro,10.0,18.0,Março,2020.0,A1,P1,9:34,28.0,79.0,Sol,Laranja,Frutos (maturação),Coleoptera,Chrysomelidae,,,Costalimaita ferruginea
691,Fazenda Futuro,10.0,18.0,Março,2020.0,A1,P1,9:34,28.0,79.0,Sol,Laranja,Frutos (maturação),Coleoptera,Chrysomelidae,,,Costalimaita ferruginea
692,Fazenda Futuro,10.0,18.0,Março,2020.0,A1,P1,9:34,28.0,79.0,Sol,Laranja,Frutos (maturação),Coleoptera,Chrysomelidae,,,Costalimaita ferruginea
693,Fazenda Futuro,12.0,20.0,Março,2020.0,A2,P3,9:42,24.0,94.0,Nublado,Açaí,,Coleoptera,Chrysomelidae,,Costalimaita spp.,
694,Fazenda Futuro,12.0,20.0,Março,2020.0,A2,P3,9:42,24.0,94.0,Nublado,Açaí,,Coleoptera,Chrysomelidae,,Costalimaita spp.,
695,Fazenda Futuro,12.0,20.0,Março,2020.0,A2,P3,9:42,24.0,94.0,Nublado,Açaí,,Coleoptera,Chrysomelidae,,Costalimaita spp.,
696,Fazenda Futuro,12.0,20.0,Março,2020.0,A2,P3,9:42,24.0,94.0,Nublado,Açaí,,Coleoptera,Chrysomelidae,,Costalimaita spp.,
697,Fazenda Futuro,12.0,20.0,Março,2020.0,A2,P3,9:42,24.0,94.0,Nublado,Açaí,,Coleoptera,Chrysomelidae,,Costalimaita spp.,
698,Fazenda Futuro,12.0,20.0,Março,2020.0,A2,P3,9:42,24.0,94.0,Nublado,Açaí,,Coleoptera,Chrysomelidae,,Costalimaita spp.,
699,Fazenda Futuro,12.0,20.0,Março,2020.0,A2,P3,9:42,24.0,94.0,Nublado,Açaí,,Coleoptera,Chrysomelidae,,Costalimaita spp.,
700,Fazenda Futuro,12.0,20.0,Março,2020.0,A2,P3,9:42,24.0,94.0,Nublado,Açaí,,Coleoptera,Chrysomelidae,,Costalimaita spp.,
701,Fazenda Futuro,12.0,20.0,Março,2020.0,A2,P3,9:42,24.0,94.0,Nublado,Açaí,,Coleoptera,Chrysomelidae,,Costalimaita spp.,
702,Fazenda Futuro,12.0,20.0,Março,2020.0,A2,P3,9:42,24.0,94.0,Nublado,Açaí,,Coleoptera,Chrysomelidae,,Costalimaita spp.,
703,Fazenda Futuro,12.0,20.0,Março,2020.0,A2,P3,9:42,24.0,94.0,Nublado,Açaí,,Coleoptera,Chrysomelidae,,Costalimaita spp.,
704,Fazenda Futuro,10.0,18.0,Março,2020.0,A2,P4,11:15,28.0,79.0,Vento,Cupuaçu,Frutos,Coleoptera,Chrysomelidae,,,
705,Fazenda Futuro,12.0,20.0,Março,2020.0,A3,P2,,,,,Manga,,Coleoptera,Chrysomelidae,,,
706,Fazenda Futuro,14.0,16.0,Abril,2020.0,A1,P3,11:42,27.0,94.0,Sol,Limão,Frutos,Coleoptera,Latridiidae,,,
707,Fazenda Futuro,14.0,16.0,Abril,2020.0,A1,P3,11:42,27.0,94.0,Sol,Limão,Frutos,Coleoptera,Latridiidae,,,
708,Fazenda Futuro,14.0,16.0,Abril,2020.0,A1,P3,11:42,27.0,94.0,Sol,Limão,Frutos,Coleoptera,Latridiidae,,,
709,Fazenda Futuro,14.0,16.0,Abril,2020.0,A1,P3,11:42,27.0,94.0,Sol,Limão,Frutos,Coleoptera,Latridiidae,,,
710,Fazenda Futuro,14.0,16.0,Abril,2020.0,A1,P3,11:42,27.0,94.0,Sol,Limão,Frutos,Coleoptera,Latridiidae,,,
